datetime,return,equity_curve
2021-01-01,0.0010526522336486988,100105.26522336487
2021-01-02,0.09675804366466068,109791.25484690964
2021-01-03,0.025466400248758347,112587.24288665447
2021-01-04,-0.030564651791868847,109146.0530116173
2021-01-05,0.061128134837641346,115817.9476571078
2021-01-06,0.08284351428456915,125412.7134582489
2021-01-07,0.07224836225942544,134473.576612118
2021-01-08,0.029112026853159945,138388.3749854904
2021-01-09,-0.012160660760615616,136705.48090407898
2021-01-10,-0.048241867785143056,130110.5531688
2021-01-11,-0.07180063509923085,120768.53281816792
2021-01-12,-0.03812670540916652,116164.02654471238
2021-01-13,0.09725147376015997,127461.1493241
2021-01-14,0.04733384127263407,133494.37513463444
2021-01-15,-0.061231106928499535,125320.36677641241
2021-01-16,-0.02028849846014047,122777.80470804493
2021-01-17,-0.0046106972322200734,122211.7134236995
2021-01-18,0.022347566566892185,124942.84782468957
2021-01-19,-0.020146640514465686,122425.66918471197
2021-01-20,-0.011763761009448426,120985.48287100122
2021-01-21,-0.1298797734900654,105271.9157601294
2021-01-22,0.06771599195069378,112400.50796037645
2021-01-23,-0.02625109495163358,109449.87155329675
2021-01-24,0.0056549516321016124,110068.80528307037
2021-01-25,-0.00017620655278660635,110049.4104383221
2021-01-26,0.00660334486467562,110776.10464760057
2021-01-27,-0.06455346448193588,103625.12331078449
2021-01-28,0.0984647674213246,113828.54697658695
2021-01-29,0.026524690131332518,116847.81391324075
2021-01-30,0.000311001234455377,116884.15372761118
2021-01-31,-0.034056856233479094,112903.44690813805
2021-02-01,0.013061201726578098,114378.10160383124
2021-02-02,0.057708687169788275,120978.71168836099
2021-02-03,0.0605441079845459,128303.25987265236
2021-02-04,-0.018092219249332686,125981.96916463222
2021-02-05,0.03655838383472543,130587.66634960739
2021-02-06,0.023364498337267836,133638.7816629005
2021-02-07,-0.009961696239402684,132307.5127141708
2021-02-08,0.19491675299652256,158096.46348946312
2021-02-09,0.0009803421553409297,158251.45211723214
2021-02-10,-0.034678079178478094,152763.59573060164
2021-02-11,0.07042775273137969,163522.3924770729
2021-02-12,-0.014189310048426163,161202.1225503553
2021-02-13,-0.002826530694521545,160746.47980294467
2021-02-14,0.030144665370583246,165592.12864610367
2021-02-15,-0.013699215700545109,163323.64635746827
2021-02-16,0.025465837372362854,167482.81977466887
2021-02-17,0.060669274946634655,177643.8810164159
2021-02-18,-0.01086246786119538,175714.23006813705
2021-02-19,0.08430107075478754,190527.1278097341
2021-02-20,-0.0011574351113523562,190306.605022342
2021-02-21,0.02802411399555016,195639.77901559425
2021-02-22,-0.057757726038868085,184340.07025690688
2021-02-23,-0.09592169450876709,166657.8583519992
2021-02-24,0.01603119682205012,169329.58328118143
2021-02-25,-0.052295502946479555,160474.40755977426
2021-02-26,-0.01689614772248149,157763.00826396662
2021-02-27,-0.0036760194319207518,157183.06837995
2021-02-28,-0.021014643949472722,153879.92216305976
2021-03-01,0.0984290261916918,169026.17305202305
2021-03-02,-0.023077358345878318,165125.4954866691
2021-03-03,0.03933141239117122,171620.11444595177
2021-03-04,-0.039162637351518814,164899.0181416788
2021-03-05,0.007791989703947122,166183.90959322976
2021-03-06,0.0026717739500077275,166627.91543379138
2021-03-07,0.042669392363824166,173737.82733620194
2021-03-08,0.027485568678891292,178513.11032157246
2021-03-09,0.04782986043787529,187051.36747458432
2021-03-10,0.017592090757420298,190341.99210749677
2021-03-11,0.03435049908158061,196880.33453257155
2021-03-12,-0.009530317706425873,195004.00239432874
2021-03-13,0.06921400791148491,208501.01095882102
2021-03-14,-0.03623029841633607,200946.95711167518
2021-03-15,-0.05694703145763613,189503.62442372035
2021-03-16,0.023262056693775346,193911.86847874086
2021-03-17,0.03530876455563492,200758.65698739994
2021-03-18,-0.021436923628272764,196455.00898984645
2021-03-19,0.00661364897030392,197754.29345776318
2021-03-20,0.001243493688466879,198000.19967354514
2021-03-21,-0.012901012906494813,195445.7965420682
2021-03-22,-0.0568994882115994,184325.03074571613
2021-03-23,0.004755984464372531,185201.67772833776
2021-03-24,-0.03742904359354127,178269.75605904683
2021-03-25,-0.01927521595708348,174833.56801239212
2021-03-26,0.07262834622168701,187531.440921169
2021-03-27,0.0143620261942361,190224.7723879217
2021-03-28,-0.0007067265522621158,190090.33549037713
2021-03-29,0.03325521223403727,196411.82994074898
2021-03-30,0.019248502930377054,200192.4636249242
2021-03-31,-0.00010231992636844378,200171.97994678657
2021-04-01,-0.0003418379202314581,200103.55357347295
2021-04-02,0.0039036582049527535,200884.68945222022
2021-04-03,-0.03214969364093112,194426.30822917775
2021-04-04,0.020127076479601325,198339.54140455293
2021-04-05,0.015919915689752262,201497.09018165755
2021-04-06,-0.019231155770653152,197622.06825304075
2021-04-07,-0.03508457799566367,190688.58138575256
2021-04-08,0.037901429397437125,197915.95119004213
2021-04-09,0.0011178347827631718,198137.188524346
2021-04-10,0.027933384124153138,203671.8307206763
2021-04-11,0.003897581664255245,204465.65831361854
2021-04-12,-0.0023702412444215337,203981.02537721582
2021-04-13,0.06196985776699182,216621.70050700702
2021-04-14,-0.009667548954452987,214527.49961275866
2021-04-15,0.0031793221920042303,215209.5516530727
2021-04-16,-0.02885729441312146,208999.18626050412
2021-04-17,-0.021622739357879395,204480.05132998436
2021-04-18,-0.06417571762846619,191357.397295177
2021-04-19,-0.009190677397403535,189598.69318903025
2021-04-20,0.014210996018903632,192293.07946312887
2021-04-21,-0.04666796453616906,183319.15285019286
2021-04-22,-0.0389164925454033,176185.01440486868
2021-04-23,-0.010927499113254524,174259.75281619074
2021-04-24,-0.02103541178145052,170594.1271587684
2021-04-25,-0.019568041978983652,167255.93411715754
2021-04-26,0.10038842284290772,184046.49355429626
2021-04-27,0.01868334369936231,187485.09745003365
2021-04-28,-0.0030081413260263368,186921.11578038012
2021-04-29,-0.023504625252625533,182527.60500215966
2021-04-30,0.07716256438975622,196611.9030760468
2021-05-01,0.0018361875095909141,196972.91939671192
2021-05-02,-0.021112175902720076,192814.39247433626
2021-05-03,0.010432580311937611,194825.9441091222
2021-05-04,-0.06932459475055186,181319.71448686367
2021-05-05,0.07949368491504005,195733.48673916742
2021-05-06,-0.01812146149907623,192186.50989514365
2021-05-07,0.016307267262476888,195320.54667624642
2021-05-08,0.02695491993884125,200585.39637431534
2021-05-09,-0.010537815221731472,198471.66453114504
2021-05-10,-0.04156913162921816,190221.36978357984
2021-05-11,0.015273866436156469,193126.78557895697
2021-05-12,-0.12401133850407331,169176.87439832135
2021-05-13,0.0007974687003307057,169311.7876604738
2021-05-14,0.0034260815280828805,169891.86364866403
2021-05-15,-0.061655579832374685,159417.0822866029
2021-05-16,-0.007075335322194842,158289.15297333928
2021-05-17,-0.06219819472081045,148443.85341451137
2021-05-18,-0.015776176718807156,146101.97695022332
2021-05-19,-0.14345451290703437,125142.98901207428
2021-05-20,0.10431476657695637,138197.2506996114
2021-05-21,-0.08062584602360379,127054.98044381918
2021-05-22,0.0052950535910585295,127727.74337428011
2021-05-23,-0.07444357451155836,118219.23359320368
2021-05-24,0.11918805642115249,132309.55427677583
2021-05-25,-0.012127364030768306,130704.98814731269
2021-05-26,0.023876936301307827,133825.82282356927
2021-05-27,-0.018101260712979905,131403.40671451078
2021-05-28,-0.0742258634201185,121649.87539478122
2021-05-29,-0.029602268538421295,118048.76311567942
2021-05-30,0.029864831427096172,121574.2695263064
2021-05-31,0.04513155313790107,127061.1051316344
2021-06-01,-0.015015675367833214,125153.19682509964
2021-06-02,0.023805115739881533,128132.4831607373
2021-06-03,0.044562816790626014,133842.42753275722
2021-06-04,-0.06146618006872229,125615.64478119384
2021-06-05,-0.03564163365749973,121138.49798825191
2021-06-06,0.00795214841858738,122101.80930345925
2021-06-07,-0.06252004729877003,114467.99841054156
2021-06-08,-0.00511217023821986,113882.81851583859
2021-06-09,0.11972879140449844,127517.87073847778
2021-06-10,-0.019007352747961503,125094.09358768258
2021-06-11,0.017850508056043823,127327.08671303302
2021-06-12,-0.04772440156105762,121250.47769714061
2021-06-13,0.09750240086429907,133072.69037855498
2021-06-14,0.03824483710099358,138162.03374467377
2021-06-15,-0.009167637678062834,136895.41427843831
2021-06-16,-0.044616373045487046,130787.63740677501
2021-06-17,-0.0066612015703376715,129916.43459110025
2021-06-18,-0.05953490050602306,122181.87258362185
2021-06-19,-0.009360499615713946,121038.18921225565
2021-06-20,0.003273340853311657,121434.38846181498
2021-06-21,-0.11183468454981638,107853.81193468804
2021-06-22,0.028413344817261432,110918.2994830444
2021-06-23,0.035845998522956446,114894.27668248245
2021-06-24,0.029171455929205115,118245.91001124338
2021-06-25,-0.08858990412308188,107770.51618040077
2021-06-26,0.022075619938619173,110149.6171361881
2021-06-27,0.07465336785165988,118372.65702297543
2021-06-28,-0.005905629556725578,117673.59196095241
2021-06-29,0.040968800690959206,122494.53789658993
2021-06-30,-0.024075679714461784,119545.39863542061
2021-07-01,-0.04384163299922106,114304.33314170092
2021-07-02,0.008390391102593986,115263.39120148099
2021-07-03,0.02605398391183389,118266.46174146779
2021-07-04,0.01776243101897612,120367.161610009
2021-07-05,-0.04512705475867418,114935.34611688794
2021-07-06,0.0156865405073614,116738.28407947811
2021-07-07,-0.010431522764701051,115520.52601159089
2021-07-08,-0.029054256110808252,112164.16306279485
2021-07-09,0.028518808988361233,115362.95140452209
2021-07-10,-0.009230095015421824,114298.14040179887
2021-07-11,0.022509353047026393,116870.91759672154
2021-07-12,-0.034132334272576115,112881.84037056754
2021-07-13,-0.010756853196484006,111667.5869851524
2021-07-14,0.002749992635628251,111974.67202699995
2021-07-15,-0.028564639444611628,108776.15589362006
2021-07-16,-0.015519339493379025,107088.02180152226
2021-07-17,0.00432760549272504,107551.4565128756
2021-07-18,0.008177845515340731,108430.99570918777
2021-07-19,-0.02946333953373259,105236.25646662727
2021-07-20,-0.033927021501227284,101665.90373077533
2021-07-21,0.0787901817949388,109676.17876806988
2021-07-22,0.004446373494632949,110163.84002233685
2021-07-23,0.04158161262592497,114744.63014353004
2021-07-24,0.01850539965874587,116868.02538303105
2021-07-25,0.03269257224804978,120688.74174635271
2021-07-26,0.052342969837052555,127005.94891525387
2021-07-27,0.059483043168409244,134560.6492572247
2021-07-28,0.014203326479889533,136471.85808997098
2021-07-29,-7.679254550652104e-05,136461.37806859825
2021-07-30,0.05460394235738364,143912.70729066513
2021-07-31,-0.017603553461946198,141379.3322540205
2021-08-01,-0.03890197771030657,135879.39662197654
2021-08-02,-0.017469350762066904,133505.67178104923
2021-08-03,-0.02397701943244812,130304.60369441297
2021-08-04,0.0395902399030601,135463.39421514794
2021-08-05,0.028616727766103134,139339.91328967514
2021-08-06,0.048214010471853586,146058.04932817072
2021-08-07,0.040434596416281776,151963.84760610465
2021-08-08,-0.01742391142610833,149316.04298544527
2021-08-09,0.056036216787735516,157683.14914006452
2021-08-10,-0.014423448418594886,155408.8143719612
2021-08-11,-0.0016199769380343954,155157.05567671134
2021-08-12,-0.024386232463489477,151373.35964862848
2021-08-13,0.07644844108188842,162945.61701509415
2021-08-14,-0.015274857314840018,160456.64596511002
2021-08-15,-0.002007972952364878,160134.45335998488
2021-08-16,-0.022789569378352748,156485.05812527292
2021-08-17,-0.0262088608745209,152383.76300792632
2021-08-18,0.00020855453314139183,152415.54333247876
2021-08-19,0.04588426238509391,159409.01811431284
2021-08-20,0.05468299118932074,168125.98004735608
2021-08-21,-0.010131353482822014,166422.63631385044
2021-08-22,0.008532955332906988,167842.71323590114
2021-08-23,0.005060643417090116,168692.10535774493
2021-08-24,-0.03660623270175356,162516.9228940706
2021-08-25,0.027203553750690057,166937.9607414162
2021-08-26,-0.043403404375304544,159692.2849257678
2021-08-27,0.04743059031624752,167266.58426874733
2021-08-28,-0.0035507665231397922,166672.65968088593
2021-08-29,-0.00260330702406264,166238.75957521948
2021-08-30,-0.036534058346480824,160165.3830334518
2021-08-31,0.002506404646513527,160566.82229369748
2021-09-01,0.03622911867953049,166384.01675457094
2021-09-02,0.00891878820148495,167867.96056011727
2021-09-03,0.015252819886903746,170428.42032732262
2021-09-04,-0.0016670779556292592,170144.30286478222
2021-09-05,0.03682175137698773,176409.31408308013
2021-09-06,0.017494712261320933,179495.54427318063
2021-09-07,-0.10995082749880547,159759.86064799596
2021-09-08,-0.017367013348269955,156985.30901560446
2021-09-09,0.0075174248550200495,158165.43427947137
2021-09-10,-0.03322093557720873,152911.0305767318
2021-09-11,0.00718255985395011,154009.32320617838
2021-09-12,0.01881371638379159,156906.8109334391
2021-09-13,-0.02351815330879503,153216.65249871236
2021-09-14,0.04820846401927836,160602.99197785082
2021-09-15,0.02139596564437274,164039.24807659237
2021-09-16,-0.007956662900954647,162734.04307712088
2021-09-17,-0.00915479181149681,161244.2467921067
2021-09-18,0.02094939542693708,164622.21627847315
2021-09-19,-0.02172308949565016,161046.1131412836
2021-09-20,-0.08929025362071763,146666.26485426762
2021-09-21,-0.052923943596730805,138904.10772557717
2021-09-22,0.06881508654878976,148462.8059206952
2021-09-23,0.030290765424059618,152959.85794903667
2021-09-24,-0.04570674429747934,145968.5608339813
2021-09-25,-0.003261842295545936,145492.43440843304
2021-09-26,0.01146561889210318,147160.59521304446
2021-09-27,-0.02343500735125348,143711.88558241192
2021-09-28,-0.026536935041097554,139898.2126100778
2021-09-29,0.012106032332296346,141591.8248951659
2021-09-30,0.0552671563005489,149417.20241252697
2021-10-01,0.09832052825624404,164107.98068429675
2021-10-02,-0.010506092627821872,162383.84703826273
2021-10-03,0.011841360915301635,164306.6927778579
2021-10-04,0.021225132154277127,167794.1240459002
2021-10-05,0.04556668554229426,175439.94613214443
2021-10-06,0.0745340089293911,188516.18864372958
2021-10-07,-0.02761161313226901,183310.95257372907
2021-10-08,0.0030851777251186263,183876.49944137983
2021-10-09,0.018473192053884757,187273.28532975647
2021-10-10,-0.005282147597862608,186284.08019550805
2021-10-11,0.05136946920327956,195853.39451617247
2021-10-12,-0.025615424772350126,190836.52662253406
2021-10-13,0.02442826964563416,195498.33275310555
2021-10-14,-0.0003317349966182048,195433.47911435083
2021-10-15,0.07529157486585225,210147.97353838294
2021-10-16,-0.012902171855913802,207436.60826861867
2021-10-17,0.010707290428109806,209657.69227877283
2021-10-18,0.00781458576030758,211296.08029539348
2021-10-19,0.03656700019396131,219022.54410453836
2021-10-20,0.026733638892732392,224877.81370799665
2021-10-21,-0.05762241190913364,211919.81169728903
2021-10-22,-0.024163297008876428,206799.1303451823
2021-10-23,0.009848014221814472,208835.6911218805
2021-10-24,-0.007079889729097899,207357.15745723763
2021-10-25,0.03653649006469961,214933.26018051832
2021-10-26,-0.043534722610935384,205576.20031869548
2021-10-27,-0.03170233844215542,199058.95404053986
2021-10-28,0.03696373164620037,206416.9157994677
2021-10-29,0.027657411674084864,212125.87341622848
2021-10-30,-0.0063282967009561375,210783.47795130115
2021-10-31,-0.009030038128509665,208880.09510854105
2021-11-01,-0.006331662578607289,207557.53682692637
2021-11-02,0.03785073398345795,215413.74193962413
2021-11-03,-0.005110057142615365,214312.96540900803
2021-11-04,-0.02383854066567559,209204.0570679239
2021-11-05,-0.007447362751485498,207646.0385658566
2021-11-06,0.008742066079588495,209461.2939561641
2021-11-07,0.029288597718032383,215596.1215323447
2021-11-08,0.067110160347712,230064.81181872517
2021-11-09,-0.008550998028543533,228097.528066426
2021-11-10,-0.03080770153182688,221070.36750160804
2021-11-11,-0.0016648984475495787,220702.30778995538
2021-11-12,-0.010052455414721218,218483.70768097078
2021-11-13,0.004014438103855378,219360.7970021569
2021-11-14,0.017669094289931575,223236.70360790254
2021-11-15,-0.029148452444969997,216729.6991688157
2021-11-16,-0.055700708820450195,204657.70130266977
2021-11-17,0.004754987647965114,205630.8461444249
2021-11-18,-0.0571414438234239,193880.80270110012
2021-11-19,0.020368858577862747,197829.93335228134
2021-11-20,0.028470054017678548,203462.1622411345
2021-11-21,-0.018153218005244387,199768.6692541528
2021-11-22,-0.040449991108478134,191688.0283590698
2021-11-23,0.02297105505427388,196091.30461175123
2021-11-24,-0.006992566551453527,194720.1231140922
2021-11-25,0.03183945857220394,200919.9064071578
2021-11-26,-0.08863558121593162,183111.25372490878
2021-11-27,0.018479967501095818,186495.14374283
2021-11-28,0.046594999333021025,195184.88484113882
2021-11-29,0.00874024512829119,196890.84857998765
2021-11-30,-0.01426930910829205,194081.35220100588
2021-12-01,0.004093861315594527,194875.89434085984
2021-12-02,-0.01228738301140242,192481.3795874041
2021-12-03,-0.05089886967926571,182684.29493209955
2021-12-04,-0.08285746527075988,167547.53730924986
2021-12-05,0.0049523801311393,168377.29640404152
2021-12-06,0.021129505875938426,171935.02547778536
2021-12-07,0.0029097324119082835,172435.31039416036
2021-12-08,-0.0023237159858648937,172034.61970686985
2021-12-09,-0.05786427917436132,162079.96044449645
2021-12-10,-0.008503363925230656,160701.7355558499
2021-12-11,0.04762853562340319,168355.72389251442
2021-12-12,0.013418154110444558,170614.74694107962
2021-12-13,-0.06683266097721707,159212.10940105276
2021-12-14,0.03506061518721437,164794.18390190776
2021-12-15,0.010771852762560652,166569.32258702547
2021-12-16,-0.025179006833703665,162375.27247532134
2021-12-17,-0.0314575089418333,157267.3508894963
2021-12-18,0.015216022702533749,159660.3344709982
2021-12-19,-0.0032659903733055495,159138.88535561718
2021-12-20,0.0049803580536875725,159931.4539849529
2021-12-21,0.042034217051611256,166654.0474351362
2021-12-22,-0.006160269119222961,165627.413653128
2021-12-23,0.04623673879200285,173285.4851150027
2021-12-24,-0.00036934996388648944,173221.4821273334
2021-12-25,-0.008256774457000127,171791.23141830074
2021-12-26,0.007443923529864449,173070.03220807985
2021-12-27,-0.001455843327095585,172818.0693565695
2021-12-28,-0.06217176114805956,162073.66562646406
2021-12-29,-0.022654403964756265,158401.9833333133
2021-12-30,0.014095928271522729,160634.80632844663
2021-12-31,-0.019147470209157635,157559.0561597189
2022-01-01,0.03251713696699987,162682.42556925566
2022-01-02,-0.00912904213143595,161197.29085218973
2022-01-03,-0.017732679255021533,158338.83099672946
2022-01-04,-0.013196417373447789,156249.3256964728
2022-01-05,-0.051847856553600136,148148.13307116536
2022-01-06,-0.008470903462146628,146893.18453782226
2022-01-07,-0.03511238289006102,141735.41479838986
2022-01-08,0.0027190026451791027,142120.79376614222
2022-01-09,0.004426329701952891,142749.8672568544
2022-01-10,-0.0010042161416665696,142606.5155359343
2022-01-11,0.02163632990785591,145691.99715307957
2022-01-12,0.027403796602117003,149684.51100961876
2022-01-13,-0.0305186316758691,145116.34455053363
2022-01-14,0.011720194479244217,146817.1363307829
2022-01-15,0.000563867173172028,146899.92169441894
2022-01-16,-0.00029254537607126263,146856.946801582
2022-01-17,-0.020158405482448516,143896.54492004137
2022-01-18,0.0035587508631678144,144408.63687348244
2022-01-19,-0.016307726061199346,142053.66038247847
2022-01-20,-0.02345233415378012,138722.17047142098
2022-01-21,-0.10389161949496761,124310.09952128808
2022-01-22,-0.03760598774483814,119635.29544213091
2022-01-23,0.033365548325393624,123626.99267362809
2022-01-24,0.011444126033672397,125041.79555894899
2022-01-25,0.008108281004718387,126055.66957467548
2022-01-26,-0.004021397820121564,125548.74957983392
2022-01-27,0.009506247596446471,126742.24707876409
2022-01-28,0.014939085077622094,128635.66029080276
2022-01-29,0.011910575026882642,130167.78497382895
2022-01-30,-0.007452031591039798,129197.77052806829
2022-01-31,0.01541048190246408,131188.7704326298
2022-02-01,0.005905528194446896,131963.5094152145
2022-02-02,-0.046366341973409275,125844.84420965744
2022-02-03,0.011227567261944849,127257.77566259036
2022-02-04,0.1139739972352738,141761.85303412552
2022-02-05,-0.004600272458294086,141109.7098859759
2022-02-06,0.0240717089212219,144506.46174830917
2022-02-07,0.03435699682313298,149471.26979551802
2022-02-08,0.00462114680855108,150161.99847690365
2022-02-09,0.00747153568147696,151283.93920652574
2022-02-10,-0.019731352532407542,148298.90246955046
2022-02-11,-0.02573677385795492,144482.16715330872
2022-02-12,-0.0036705561880894244,143951.83724059557
2022-02-13,-0.003881448612797489,143393.0955816284
2022-02-14,0.01144412159670316,145034.10360359223
2022-02-15,0.04713070749907278,151869.66351792336
2022-02-16,-0.015040319717186557,149585.49522327224
2022-02-17,-0.07638086164775937,138160.02620811193
2022-02-18,-0.013330148209939607,136318.33258206866
2022-02-19,0.002614136675287426,136674.68733478547
2022-02-20,-0.04213040020672276,130916.52805924225
2022-02-21,-0.03583407499203284,126225.25537507079
2022-02-22,0.03294555385181952,130383.81632348985
2022-02-23,-0.025583244780000403,127048.17523513541
2022-02-24,0.02884957135515398,130713.46063212355
2022-02-25,0.023218626100448336,133748.44760083652
2022-02-26,-0.0026063615770545168,133399.850786019
2022-02-27,-0.03615972594221184,128576.14874086458
2022-02-28,0.1445165709988825,147157.53286913663
2022-03-01,0.02916170522983541,151448.8974650162
2022-03-02,-0.011867525584604133,149651.57379959003
2022-03-03,-0.032717862374918916,144755.294203825
2022-03-04,-0.07769501141210577,133508.5299686961
2022-03-05,0.006353670904847064,134356.7992311071
2022-03-06,-0.02474645757876326,131031.9443985161
2022-03-07,-0.011239100449398576,129559.26321334117
2022-03-08,0.019503631000053367,132086.13927569299
2022-03-09,0.08271901056223396,143012.17402556373
2022-03-10,-0.059949974500402625,134438.59783948405
2022-03-11,-0.017525214947618162,132082.5325150907
2022-03-12,0.0020039636332569444,132347.22110683942
2022-03-13,-0.026481481778244054,128842.47058269742
2022-03-14,0.05001949025313923,135287.10528419903
2022-03-15,-0.009835042290415097,133956.5508823811
2022-03-16,0.046576695669842794,140195.80438581159
2022-03-17,-0.00475941997230489,139528.5536743844
2022-03-18,0.020475096718099994,142385.41430580404
2022-03-19,0.010601249752084208,143894.87764391385
2022-03-20,-0.022204498042972753,140699.76411487575
2022-03-21,-0.006284308789164306,139815.5633506153
2022-03-22,0.03314322590391172,144449.5021516274
2022-03-23,0.012216675471376615,146214.19484141577
2022-03-24,0.02580096575333557,149986.66227517067
2022-03-25,0.0072981010454731265,151081.2800919281
2022-03-26,0.004461770152754951,151755.37003808227
2022-03-27,0.05193950586236884,159637.4689698212
2022-03-28,0.006276075754074739,160639.36581826457
2022-03-29,0.0066211671453366705,161702.98590946817
2022-03-30,-0.007718529695641241,160454.87661085208
2022-03-31,-0.033031508701730994,155154.80995784557
2022-04-01,0.01695547529321373,157785.53350470908
2022-04-02,-0.010189125008786881,156177.83697925147
2022-04-03,0.012992516342140714,158206.9800784846
2022-04-04,0.003724203366589851,158796.1750463109
2022-04-05,-0.023205120632926568,155111.29064831394
2022-04-06,-0.05104807315201487,147193.15813659536
2022-04-07,0.006327473859712329,148124.51899703316
2022-04-08,-0.027385856654087992,144068.00215282466
2022-04-09,0.011855313115251676,145775.97342823516
2022-04-10,-0.013890889206715329,143751.01553234246
2022-04-11,-0.06221455353807859,134807.61028035238
2022-04-12,0.013743170984296782,136660.2943184197
2022-04-13,0.026712104538540338,140310.778386521
2022-04-14,-0.02923177639533725,136209.2450868705
2022-04-15,0.015226245451194664,138283.20048528514
2022-04-16,-0.004261523047546567,137693.9034393286
2022-04-17,-0.017312535386672434,135310.07286350615
2022-04-18,0.028240016585761918,139131.23156539223
2022-04-19,0.016924829229566285,141486.00390013572
2022-04-20,-0.003246381602691417,141026.686340036
2022-04-21,-0.021188181885506308,138038.58725915305
2022-04-22,-0.019000697970535385,135415.7577543625
2022-04-23,-0.006723507550950525,134505.28888458337
2022-04-24,0.00021578493512208752,134534.31309961888
2022-04-25,0.024683455327280557,137855.08480699972
2022-04-26,-0.05710117239036572,129983.39784454674
2022-04-27,0.029398853403699743,133804.76070269334
2022-04-28,0.012876288552237547,135527.66941116433
2022-04-29,-0.028770866410318452,131628.4209396339
2022-04-30,-0.024953334346314193,128343.85294244986
2022-05-01,0.0222048130949708,131193.70420892537
2022-05-02,0.001473408757099559,131387.00616158315
2022-05-03,-0.020619905134710903,128677.81855859762
2022-05-04,0.05185569136339163,135350.49580308676
2022-05-05,-0.07886245140830128,124676.42390472633
2022-05-06,-0.014715566934300206,122841.73964362715
2022-05-07,-0.014995733078254636,120999.63770506285
2022-05-08,-0.040324919087714295,116120.33710496346
2022-05-09,-0.11609873836674012,102638.91246835663
2022-05-10,0.031188328692687284,105840.04860707969
2022-05-11,-0.06150532438554468,99330.32208451944
2022-05-12,-0.0025414114322857007,99077.88286840123
2022-05-13,0.008836382770797568,99953.37296554666
2022-05-14,0.027222979929180324,102674.40163164161
2022-05-15,0.04116454457978325,106900.94661480989
2022-05-16,-0.04630811196309659,101950.56561001026
2022-05-17,0.019054478601444602,103893.18048083138
2022-05-18,-0.056646436930559485,98008.00198520874
2022-05-19,0.05568393416163997,103465.47311506697
2022-05-20,-0.036774202181024784,99660.61288797812
2022-05-21,0.008332334766493865,100491.0184775947
2022-05-22,0.02874289481215797,103379.42125126283
2022-05-23,-0.03899588089513806,99348.04965314028
2022-05-24,0.018680613183934103,101203.93213928887
2022-05-25,-0.00378003895759893,100821.37733314016
2022-05-26,-0.011501604028421264,99661.76977345433
2022-05-27,-0.01951358596156938,97717.0112618979
2022-05-28,0.01398167733253386,99083.25898326133
2022-05-29,0.01499905749587338,100569.41448162979
2022-05-30,0.07667052444111455,108280.12423267217
2022-05-31,0.0020997576769545834,108507.48625479132
2022-06-01,-0.06256628407060938,101718.57604598631
2022-06-02,0.021635875646141445,103919.34650821985
2022-06-03,-0.02463596643779986,101359.19297540525
2022-06-04,0.005499734685659563,101916.64164472256
2022-06-05,0.0018419139260057449,102104.36332625971
2022-06-06,0.048450548687070105,107051.37575276096
2022-06-07,-0.007875314743410189,106208.3124749929
2022-06-08,-0.029492055564162678,103076.01102210445
2022-06-09,-0.0031307284068958774,102753.30802632803
2022-06-10,-0.03371201780951971,99289.2866761574
2022-06-11,-0.022863993092902435,97019.13711139452
2022-06-12,-0.06488819280923941,90723.74063632432
2022-06-13,-0.15328790633985556,76816.88837886209
2022-06-14,-0.015547546238553811,75622.57425488991
2022-06-15,0.020126515966000014,77144.59320302097
2022-06-16,-0.09625921186786957,69718.71546143077
2022-06-17,0.003294320492732483,69948.39125450233
2022-06-18,-0.07287043010838135,64851.221898397416
2022-06-19,0.08411698572720039,70306.31120521642
2022-06-20,-5.3236540389356435e-06,70305.93691873881
2022-06-21,0.00724165995045567,70815.06860640249
2022-06-22,-0.035341596368921646,68312.35103487753
2022-06-23,0.05589323714183525,72130.54947098623
2022-06-24,0.006017370074447248,72564.58568082638
2022-06-25,0.011886792883246677,73427.14588147297
2022-06-26,-0.02099752156846335,71885.35780211604
2022-06-27,-0.013987599697473319,70879.8541930704
2022-06-28,-0.022143376599892295,69310.33488832778
2022-06-29,-0.007770330587610341,68771.77067310749
2022-06-30,-0.008945398075059341,68156.57980810985
2022-07-01,-0.03306972193144431,65902.66066605736
2022-07-02,-0.0013935141655441186,65810.82437487216
2022-07-03,0.003258310888173188,66025.25650049245
2022-07-04,0.047457449654200845,69158.64678677027
2022-07-05,-0.002995295049186053,68951.49623444145
2022-07-06,0.019180501189916432,70274.02049001268
2022-07-07,0.05134699567762269,73882.38031636253
2022-07-08,-0.0013922227304019597,73779.51958710988
2022-07-09,-0.00013466616120116903,73769.58398243182
2022-07-10,-0.03364155480837594,71287.86047969575
2022-07-11,-0.042903026098566666,68229.39554102438
2022-07-12,-0.03166050901238038,66069.21814858851
2022-07-13,0.04666572320045992,69152.38599478135
2022-07-14,0.017416895187944093,70356.80585364871
2022-07-15,0.011664943530119931,71177.51402089113
2022-07-16,0.01747540723076857,72421.37006407994
2022-07-17,-0.01867309425945496,71069.0389944745
2022-07-18,0.07825186138733331,76630.32358280111
2022-07-19,0.04280611820887792,79910.57027247106
2022-07-20,-0.0073799921901462895,79320.83088795008
2022-07-21,-0.003050386538276051,79078.87169320461
2022-07-22,-0.020109558104896674,77488.63052802044
2022-07-23,-0.010264638638203927,76693.23773708101
2022-07-24,0.005705965184299888,77130.84668148002
2022-07-25,-0.05597185202203958,72813.6903446896
2022-07-26,-0.0026276438020621518,72622.36190255011
2022-07-27,0.07954676008988737,78399.23550197323
2022-07-28,0.03864771250493648,81429.18661626031
2022-07-29,-0.0028907591755166218,81193.7944478945
2022-07-30,-0.005457993341604128,80750.6392584183
2022-07-31,-0.014756019585703939,79559.08124396298
2022-08-01,-0.001082464937307459,79472.961328072
2022-08-02,-0.011997511766592694,78519.4835394125
2022-08-03,-0.00734173483576972,77943.01431182455
2022-08-04,-0.008529755594064325,77278.17944948003
2022-08-05,0.030356454488488227,79624.0709868914
2022-08-06,-0.015307518017726562,78405.22408561481
2022-08-07,0.009555299824915986,79154.40950959259
2022-08-08,0.027322916803897312,81317.1388552848
2022-08-09,-0.027618888556847576,79071.249859479
2022-08-10,0.03460213612538787,81807.28401072124
2022-08-11,-0.000817716932773771,81740.38880936144
2022-08-12,0.01953511862156665,83337.1970009253
2022-08-13,0.0015392668376461582,83465.4751846112
2022-08-14,-0.005549966067625256,83002.24462951839
2022-08-15,-0.008625983656195824,82286.2686239166
2022-08-16,-0.009927503872039445,81469.371373537
2022-08-17,-0.02138724777144252,79726.96574218749
2022-08-18,-0.0064640419814259165,79211.60728857829
2022-08-19,-0.10123884886699719,71192.31534977799
2022-08-20,0.014609836610756988,72232.42344497972
2022-08-21,0.017690310993003555,73510.23747949973
2022-08-22,-0.005359165528523557,73116.28394880601
2022-08-23,0.006016754293194815,73556.20666415743
2022-08-24,-0.007449478814282484,73008.25126095381
2022-08-25,0.008899834113104133,73658.01258606413
2022-08-26,-0.060884055094624356,69173.41408961367
2022-08-27,-0.010007599920435206,68481.1542362742
2022-08-28,-0.02394850503024959,66841.1329695695
2022-08-29,0.03716737541188686,69325.44245160534
2022-08-30,-0.023268118936906945,67712.3698112877
2022-08-31,0.01197779332154636,68523.41458219942
2022-09-01,0.004043991375588529,68800.5226797957
2022-09-02,-0.008882312459044028,68189.41494000822
2022-09-03,-0.005985920501027531,67781.23852316575
2022-09-04,0.008453645634749929,68354.23709432506
2022-09-05,-0.010128031689206396,67661.9432149422
2022-09-06,-0.05060159972015743,64238.14064809167
2022-09-07,0.026602419704897295,65947.03062667443
2022-09-08,0.0013894808311150086,66038.66276159916
2022-09-09,0.10512735195461098,72981.13250434966
2022-09-10,0.013438167041034621,73961.86515378699
2022-09-11,0.008213245459381735,74569.33210692873
2022-09-12,0.02595758171931606,76504.97163884915
2022-09-13,-0.09883233897417287,68943.80634862893
2022-09-14,0.002622634349617625,69124.62074335224
2022-09-15,-0.025834338293699965,67338.83190664477
2022-09-16,0.005124712184255031,67683.92403899026
2022-09-17,0.015600398386172776,68739.82021833796
2022-09-18,-0.03452310996170849,66366.70784619219
2022-09-19,0.006195436266269727,66777.87855485542
2022-09-20,-0.03373260988680171,64525.286428496256
2022-09-21,-0.021812429480685624,63117.83316855364
2022-09-22,0.050688793069330274,66317.19995301896
2022-09-23,-0.005732132197006634,65937.06099595294
2022-09-24,-0.01906296778956973,64680.104926048196
2022-09-25,-0.0059508654722285614,64295.20232290366
2022-09-26,0.02225035333557468,65725.79329237052
2022-09-27,-0.007697636106602124,65219.860052788106
2022-09-28,0.017409038318951353,66355.27509560373
2022-09-29,0.009162969620130745,66963.28646544018
2022-09-30,-0.00858231284133315,66388.58659210996
2022-10-01,-0.005722893351229441,66008.65179130445
2022-10-02,-0.013100887080724544,65143.87989783571
2022-10-03,0.029891409842026206,67091.12231056165
2022-10-04,0.03594457385949079,69502.68411176976
2022-10-05,-0.00879061928933944,68891.71247615597
2022-10-06,-0.009759092461654295,68219.39188425946
2022-10-07,-0.02147620107752335,66754.29850676675
2022-10-08,-0.005715497479274245,66372.7644819206
2022-10-09,0.0010796423502570374,66444.42332935892
2022-10-10,-0.015729084115964076,65399.31340577471
2022-10-11,-0.003739262100932672,65154.768231729475
2022-10-12,0.004988902602127032,65479.81902450174
2022-10-13,0.011411331377991774,66227.03093796126
2022-10-14,-0.010183095497316441,65552.63475741628
2022-10-15,-0.005582019277659667,65186.71868649899
2022-10-16,0.010104975182094744,65845.42886102825
2022-10-17,0.014824706140742716,66821.56799460418
2022-10-18,-0.011325793159546071,66064.76073690075
2022-10-19,-0.010479533986105238,65372.43283147449
2022-10-20,-0.0042706638586405,65093.24914522972
2022-10-21,0.006400800499664072,65509.89804688327
2022-10-22,0.002076573550577887,65645.93416846848
2022-10-23,0.01897335052190563,66891.45748778478
2022-10-24,-0.012242801154904615,66072.51867480007
2022-10-25,0.03864154445869872,68625.66284267057
2022-10-26,0.034287012423277696,70978.63179711287
2022-10-27,-0.02284170426693599,69357.35888033149
2022-10-28,0.014557284225379608,70367.01366667413
2022-10-29,0.010533192545096659,71108.20297044865
2022-10-30,-0.008717988349253636,70488.28248541593
2022-10-31,-0.0066007015817720616,70023.01036771805
2022-11-01,-0.0003459797398941422,69998.78382480441
2022-11-02,-0.016127652608197818,68869.86775628163
2022-11-03,0.002765763856670933,69060.34554733567
2022-11-04,0.046348304210821256,72261.17545166801
2022-11-05,0.007103162407093855,72774.45831662872
2022-11-06,-0.018411838366809374,71434.54675287084
2022-11-07,-0.014978032113521556,70364.5978175915
2022-11-08,-0.09883639258815824,63410.014803384154
2022-11-09,-0.14082732695140654,54480.15191667445
2022-11-10,0.10482215577799558,60190.878887692954
2022-11-11,-0.030008508301928805,58384.64039889123
2022-11-12,-0.015049412194375278,57505.98587970794
2022-11-13,-0.028533340775673488,55865.14798796117
2022-11-14,0.017639409881119006,56850.576231390194
2022-11-15,0.01682491488970328,57807.08233791392
2022-11-16,-0.013997823550299104,56997.90899939019
2022-11-17,0.0017789706879731693,57099.30660877587
2022-11-18,0.0004701729294322998,57126.15315703267
2022-11-19,1.369948710649993e-05,57126.935756031286
2022-11-20,-0.02504291498532285,55696.310760520995
2022-11-21,-0.03048129018092227,53998.61535022273
2022-11-22,0.028081657558973516,55514.985975146425
2022-11-23,0.023056074909725055,56794.94365040174
2022-11-24,-0.00024922701128149427,56780.78881633985
2022-11-25,-0.0046028603149402825,56519.43477684612
2022-11-26,-0.003827065130115548,56303.13121883781
2022-11-27,-0.0018003187593294001,56201.76763549555
2022-11-28,-0.013069343370629039,55467.24743623095
2022-11-29,0.014085898346814618,56248.55344519531
2022-11-30,0.04362160209696553,58702.205462111524
2022-12-01,-0.01079692161066037,58068.402351364224
2022-12-02,0.006760276622358008,58460.96081427783
2022-12-03,-0.012079454310387039,57754.78430918043
2022-12-04,0.012990685816618885,58505.05856654759
2022-12-05,-0.00810447723064256,58030.9056515176
2022-12-06,0.007189157461259255,58448.09896986584
2022-12-07,-0.014689017139221439,57589.55384234257
2022-12-08,0.022892573224016388,58907.926920616825
2022-12-09,-0.005518524175086581,58582.84210180117
2022-12-10,-6.214766158685325e-05,58579.20131515543
2022-12-11,-0.0024651501731669523,58434.79478688939
2022-12-12,0.0072658246053292075,58859.371756659326
2022-12-13,0.03265459785230784,60781.40087121252
2022-12-14,0.0015926597961992695,60878.20496473677
2022-12-15,-0.024973102390926205,59357.8873187766
2022-12-16,-0.04151485552686984,56893.653202357375
2022-12-17,0.008636043553198025,57384.98926931348
2022-12-18,-0.002271565682841592,57254.63549697908
2022-12-19,-0.017788979857972786,56236.13393934775
2022-12-20,0.027631724337410235,57790.03529016148
2022-12-21,-0.004173913730614154,57548.8246683712
2022-12-22,-0.00019156669368936008,57537.80023030377
2022-12-23,-0.0025387450303774317,57391.72642591024
2022-12-24,0.0034161380809423214,57587.78448808481
2022-12-25,-0.00023693294562221467,57574.14004467419
2022-12-26,0.005158206561521661,57871.1193516266
2022-12-27,-0.012525363446482585,57146.262548692706
2022-12-28,-0.009470159489473828,56605.078328129246
2022-12-29,0.005179188842212135,56898.246718218834
2022-12-30,-0.0015542427393478997,56809.81303137542
2022-12-31,-0.0038979443646843803,56588.371540811
2023-01-01,0.0044705939740721234,56841.35517362391
2023-01-02,0.0033594229954336807,57032.30932928579
2023-01-03,0.0001378168992629547,57040.169345315364
2023-01-04,0.010449972982867095,57636.237573912076
2023-01-05,-0.0010927536046392294,57573.25536754534
2023-01-06,0.007021131482411125,57977.484763351305
2023-01-07,-0.0004155136918803093,57953.39432461135
2023-01-08,0.010818415095904754,58580.35820063164
2023-01-09,0.002929195761646408,58751.95153758866
2023-01-10,0.015196829312425386,59644.79491687728
2023-01-11,0.028672224367148225,61354.94385906654
2023-01-12,0.05009827187308624,64428.72051727599
2023-01-13,0.0572159044641507,68115.06803513992
2023-01-14,0.05119811690059972,71602.43125109532
2023-01-15,-0.003964184584705599,71318.58599690229
2023-01-16,0.014988072730763857,72387.5141508791
2023-01-17,-0.0023897547355558046,72214.52574614192
2023-01-18,-0.021548948131982493,70658.3786764626
2023-01-19,0.01897912814177527,71999.41309965326
2023-01-20,0.07540705272625137,77428.67663951797
2023-01-21,0.00511256302323404,77824.5356286431
2023-01-22,-0.0033084048425637835,77567.06055809904
2023-01-23,0.009149259781964902,78276.74174566849
2023-01-24,-0.012326043031990697,77311.89925850736
2023-01-25,0.018839076551953937,78768.38404701532
2023-01-26,-0.0022156043798843283,78593.86447032435
2023-01-27,0.0027928643993895275,78813.36647641395
2023-01-28,-0.002225996524533591,78637.92819655067
2023-01-29,0.031140880755066602,81086.78254134493
2023-01-30,-0.03844394696696263,77969.48657360385
2023-01-31,0.013047548352795202,78986.79721971556
2023-02-01,0.02617126264816383,81053.98143548999
2023-02-02,-0.010231239915633461,80224.69870530619
2023-02-03,-0.00241926183318264,80030.61415364986
2023-02-04,-0.004466760825592275,79673.13654150025
2023-02-05,-0.016823586801651302,78332.74861313449
2023-02-06,-0.007401371253584088,77752.97885933501
2023-02-07,0.020915478004547072,79379.21957845544
2023-02-08,-0.011893372165785121,78435.13297777929
2023-02-09,-0.05061058998251322,74465.484622417
2023-02-10,-0.007820935593124023,73883.09486327431
2023-02-11,0.010931352673632988,74690.73702984424
2023-02-12,-0.0035993722881364487,74421.89726079855
2023-02-13,-0.0004375449262860043,74389.3343372475
2023-02-14,0.019479500978909714,75838.40144829036
2023-02-15,0.09530588766201253,83066.24761718772
2023-02-16,-0.033029323433129254,80322.62565826323
2023-02-17,0.04457511677834325,83903.01607692346
2023-02-18,0.002513537974743185,84113.90949402831
2023-02-19,-0.014570527814550926,82888.32543615495
2023-02-20,0.023416827526960837,84829.30705689198
2023-02-21,-0.015644968036648388,83502.15525941587
2023-02-22,-0.011000111784128186,82583.62221734667
2023-02-23,-0.009971278258927407,81760.15794058736
2023-02-24,-0.03141701420801635,79191.49789691827
2023-02-25,-0.0012125227717073583,79095.47640239264
2023-02-26,0.017112077917021074,80448.96435747428
2023-02-27,-0.0026544462094322263,80235.41690898284
2023-02-28,-0.014864768201317768,79042.73603509471
2023-03-01,0.020981426496389677,80701.16539128858
2023-03-02,-0.0068999771916040675,80144.32919075283
2023-03-03,-0.047167721157873044,76364.10381909861
2023-03-04,-0.0003462128724567304,76337.66558336282
2023-03-05,0.003729429019120545,76622.36148864133
2023-03-06,-0.000898806961049825,76553.49277676326
2023-03-07,-0.009424628432558091,75832.00455212775
2023-03-08,-0.02209951721996073,74156.15386170386
2023-03-09,-0.06163272993523472,69585.70765770976
2023-03-10,-0.010343401262248308,68865.95476128857
2023-03-11,0.015071749633339238,69903.88518971157
2023-03-12,0.07502739320041862,75148.59147007698
2023-03-13,0.09582574483415351,82349.76122093461
2023-03-14,0.023011753865262774,84244.77365701392
2023-03-15,-0.015539860381582171,82935.62163650594
2023-03-16,0.029257213732116538,85362.08684473115
2023-03-17,0.09552051989200439,93515.91775920629
2023-03-18,-0.017742925707132318,91856.6717779704
2023-03-19,0.03946438014247167,95481.73839163847
2023-03-20,-0.009117872815871064,94611.14804474523
2023-03-21,0.013970612448238828,95932.92372736133
2023-03-22,-0.030307899489565915,93025.39831729227
2023-03-23,0.03820264296670195,96579.21439604303
2023-03-24,-0.029627349042833595,93717.82830084879
2023-03-25,0.000307882559184236,93746.68238566724
2023-03-26,0.018332973597650293,95465.337838711
2023-03-27,-0.030051449978558464,92596.46601396479
2023-03-28,0.005003415649899257,93059.76462114442
2023-03-29,0.03976406253447795,96760.19892098341
2023-03-30,-0.011255367225626034,95671.12734930312
2023-03-31,0.015536136092576536,97157.48700393212
2023-04-01,-0.00044232198837346193,97114.51211109517
2023-04-02,-0.009840501019508174,96158.8566556569
2023-04-03,-0.01315870966640853,94893.53017907131
2023-04-04,0.013104684865779426,96137.07998786938
2023-04-05,0.000160685385012016,96152.52781158115
2023-04-06,-0.004819433205312751,95689.12712627127
2023-04-07,-0.004533409809076683,95255.32909873505
2023-04-08,0.0011448542584078236,95364.38256788977
2023-04-09,0.013750371217575053,96675.6782291331
2023-04-10,0.046232859113847,101145.27124043622
2023-04-11,0.018942442185230002,103061.20969321759
2023-04-12,-0.010312351944298248,101998.40622705601
2023-04-13,0.016204989590104857,103651.28933817273
2023-04-14,0.0030559044677664904,103968.03777635102
2023-04-15,-0.005623877708963665,103383.3342462559
2023-04-16,0.00031464353268151335,103415.86314376355
2023-04-17,-0.028768982764744155,100440.69395937947
2023-04-18,0.03217410513799446,103672.28340696167
2023-04-19,-0.05195232767795621,98286.26696828124
2023-04-20,-0.01916006611155119,96403.0955953114
2023-04-21,-0.03461826971295179,93065.78723082945
2023-04-22,0.02025531494968935,94950.86406223068
2023-04-23,-0.008107764367767722,94181.02482989816
2023-04-24,-0.0028783450636781227,93909.93934198689
2023-04-25,0.02861870728749838,96597.52040740193
2023-04-26,0.004033211157937311,96987.11860453813
2023-04-27,0.03709962818917578,100585.304643906
2023-04-28,-0.0054486834162718045,100037.2471625721
2023-04-29,-0.0027635866700936873,99760.78555980074
2023-04-30,9.413706929706223e-05,99770.17674778412
2023-05-01,-0.03972994793826767,95806.3128198029
2023-05-02,0.021366094903137345,97853.31959183047
2023-05-03,0.01238944097186212,99065.66751881421
2023-05-04,-0.006457228142505933,98425.97790255559
2023-05-05,0.023073870499753513,100697.04617049075
2023-05-06,-0.022214217848616546,98460.14005014727
2023-05-07,-0.014448779725303007,97037.51117484021
2023-05-08,-0.026695209719354906,94447.0744633836
2023-05-09,-0.0014597967032132786,94309.20093545382
2023-05-10,-0.0010650591795249298,94208.75605528385
2023-05-11,-0.0227588513390512,92064.6729813847
2023-05-12,-0.006416425765174316,91473.94684160459
2023-05-13,-0.0007339071504149919,91406.81345794087
2023-05-14,0.005298584248698557,91891.14015995283
2023-05-15,0.00905424410023592,92723.14497361003
2023-05-16,-0.004708146355231313,92286.59083655695
2023-05-17,0.01370715078631246,93551.57705270835
2023-05-18,-0.02125291585329936,91563.33325766369
2023-05-19,0.002191768221398105,91764.01886174313
2023-05-20,0.008238050338193137,92519.97546836107
2023-05-21,-0.013042952332304014,91313.2418385413
2023-05-22,0.003781820770967892,91658.5721531907
2023-05-23,0.013747983001923147,92918.69264513331
2023-05-24,-0.03261302263885013,89888.33321832522
2023-05-25,0.005480456016571766,90380.9622749312
2023-05-26,0.008739080952243405,91170.80882079348
2023-05-27,0.005536600592174201,91675.5851748997
2023-05-28,0.04493710235816195,95795.22032964854
2023-05-29,-0.011671728327032116,94677.1245429327
2023-05-30,-0.0015094394030824576,94534.21516057705
2023-05-31,-0.017422587460541927,92887.1845289282
2023-06-01,-0.014374964669036316,91551.93453311862
2023-06-02,0.01578284464613433,92996.88449290789
2023-06-03,-0.00634332556358963,92406.97497816985
2023-06-04,0.0016934411468008115,92563.46075184927
2023-06-05,-0.05098606091202451,87844.0145037277
2023-06-06,0.058174748020508815,92954.31791259197
2023-06-07,-0.03260564823105827,89923.48212117604
2023-06-08,0.006026599290143153,90465.41491469473
2023-06-09,-0.00078233400439498,90394.64074438527
2023-06-10,-0.023962680819937354,88228.54282039466
2023-06-11,0.003252639576873717,88515.51847058217
2023-06-12,-0.0007826539978081914,88446.24144618312
2023-06-13,0.0011179636415969973,88545.12112835585
2023-06-14,-0.03095944929589345,85803.81294038377
2023-06-15,0.018633784436594025,87402.66269455272
2023-06-16,0.029061793873200514,89942.74086175069
2023-06-17,0.006506516425220932,90527.95478249707
2023-06-18,-0.006653514066818467,89925.62576191142
2023-06-19,0.019084722106482932,91641.83133982908
2023-06-20,0.054344045137707075,96622.0191586629
2023-06-21,0.05937001430722222,102358.4698185054
2023-06-22,-0.0036223850921521805,101987.68802337933
2023-06-23,0.026809753706327433,104721.95282036389
2023-06-24,-0.005233453603315064,104173.89533902997
2023-06-25,-0.002115565348701165,103953.5086558115
2023-06-26,-0.00637193487534482,103291.12366859308
2023-06-27,0.013982183188472996,104735.35908147055
2023-06-28,-0.019980871471592443,102642.65533313261
2023-06-29,0.012262186144223586,103901.27867916488
2023-06-30,0.0008085588769168872,103985.28898036393
2023-07-01,0.003727033297992177,104372.84561489508
2023-07-02,0.001014852786050069,104478.76868805532
2023-07-03,0.017559377910037144,106313.35087102425
2023-07-04,-0.01247219540248612,104987.38998506776
2023-07-05,-0.008481604851554025,104096.92842881841
2023-07-06,-0.01991873405971456,102023.44939501164
2023-07-07,0.014983693079443583,103552.13744765264
2023-07-08,-0.001973831229850842,103347.74300484067
2023-07-09,-0.004079921997099278,102926.09227480464
2023-07-10,0.008293109223512118,103779.6695999889
2023-07-11,0.006902607175764741,104496.01989206827
2023-07-12,-0.007883271649972046,103672.24938091822
2023-07-13,0.035257069118496354,107327.42904301125
2023-07-14,-0.03621183108499304,103440.90631171914
2023-07-15,-0.0007397902278281077,103364.38174007206
2023-07-16,-0.0018938034987338037,103168.62991228826
2023-07-17,-0.0030998839701350533,102848.81913020236
2023-07-18,-0.009226010379339677,101899.9348574043
2023-07-19,0.0016722525453607417,102070.33728284168
2023-07-20,-0.0036406112692503045,101698.73886267358
2023-07-21,0.0034033156902306683,102044.8517763216
2023-07-22,-0.0035918376411798736,101678.32323662277
2023-07-23,0.00969631064570664,102664.22784465965
2023-07-24,-0.030069020669692192,99577.21505556059
2023-07-25,0.001790876491718274,99755.54554911437
2023-07-26,0.004197164798747766,100174.23601337298
2023-07-27,-0.004387839092830137,99734.68758449912
2023-07-28,0.003116888819685526,100045.54951716606
2023-07-29,0.0013182489868335256,100177.43446145426
2023-07-30,-0.0024390824051174764,99933.09344366952
2023-07-31,-0.0016629445794874576,99766.91024761596
2023-08-01,0.01615715848956434,101378.86002850083
2023-08-02,-0.01745222036578775,99609.57382285109
2023-08-03,0.0002606363036359305,99635.53569397902
2023-08-04,-0.0027200881084923356,99364.51825815455
2023-08-05,-0.0014334394232934367,99222.08524040676
2023-08-06,0.0005586299118147675,99277.51366513467
2023-08-07,0.004203322394696896,99694.80906161317
2023-08-08,0.019091071867679776,101598.08982624303
2023-08-09,-0.006310677072985271,100956.93709011746
2023-08-10,-0.0042547326066910696,100527.39231800847
2023-08-11,-0.0010059487141418355,100426.26691697014
2023-08-12,0.00014026989559101644,100440.35369894517
2023-08-13,-0.004279664404489569,100010.50269244544
2023-08-14,0.004323915730424233,100442.93967824493
2023-08-15,-0.007822983110303383,99657.1762575928
2023-08-16,-0.016029841225914887,98059.68754516057
2023-08-17,-0.07311493426192295,90890.05993655146
2023-08-18,-0.02131670877560765,88952.58299828647
2023-08-19,0.0017599694184178283,89109.13682405272
2023-08-20,0.003435857978063561,89415.30316272801
2023-08-21,-0.0024000618266299956,89200.70090689059
2023-08-22,-0.0027052780691982914,88959.38820697006
2023-08-23,0.014409149314978054,90241.2173146134
2023-08-24,-0.009527088226719549,89381.4812755705
2023-08-25,-0.004569723161451322,88973.0326503807
2023-08-26,-0.0016306856674709325,88827.9456012463
2023-08-27,0.00323298939882255,89115.12540769432
2023-08-28,0.0006960600332126532,89177.15488484534
2023-08-29,0.06090924768798467,94608.86829983616
2023-08-30,-0.01497401187824321,93192.19398212725
2023-08-31,-0.04962705189993166,88567.34013470773
2023-09-01,-0.0052145123316363895,88105.50464739506
2023-09-02,0.0024894230701055786,88324.83652326759
2023-09-03,0.003917865859508263,88670.88138482874
2023-09-04,-0.005571435816026704,88176.85726044264
2023-09-05,-0.0013089187215302722,88061.44092116875
2023-09-06,-0.0012422432388635718,87952.04719157984
2023-09-07,0.019152019005760135,89636.50647098849
2023-09-08,-0.013077229824099312,88464.309275238
2023-09-09,-0.00034193623220968306,88434.0601226394
2023-09-10,-0.002308570478670169,88229.90386213134
2023-09-11,-0.02618924515756471,85919.22927965761
2023-09-12,0.026833767821791366,88224.7659295752
2023-09-13,0.014728909557789382,89524.22052770905
2023-09-14,0.011430037566126039,90547.48573141891
2023-09-15,0.0029036613812871703,90810.40496890989
2023-09-16,-0.001511137772723492,90673.17793580506
2023-09-17,-0.0012068371057845084,90563.75018017273
2023-09-18,0.00882927240460396,91363.36220049598
2023-09-19,0.01667535057103242,92886.87829453746
2023-09-20,-0.0031232188174314945,92596.77224835548
2023-09-21,-0.020464843039596725,90701.7938383196
2023-09-22,0.00045242113331567246,90742.8292466817
2023-09-23,-0.00015673840309804454,90728.60636053298
2023-09-24,-0.012285266742199985,89613.98123024577
2023-09-25,0.002142622840452857,89805.99019325362
2023-09-26,-0.0031500407085162108,89523.09766827627
2023-09-27,0.0057513882161364105,90037.97975727762
2023-09-28,0.024503533521869292,92244.22841250146
2023-09-29,-0.004220968851201712,91854.86839766915
2023-09-30,0.0020596056007080588,92044.0531990733
2023-10-01,0.03807651202102713,95548.76969717187
2023-10-02,-0.01773650381735503,93854.0685786944
2023-10-03,-0.0024670984323436063,93622.52135323483
2023-10-04,0.012797038548783002,94820.61236802644
2023-10-05,-0.013212009870828156,93567.8415014621
2023-10-06,0.01893530995633963,95339.57758223795
2023-10-07,0.0009129327113726049,95426.61620130122
2023-10-08,-0.0014127209932475182,95291.80501727907
2023-10-09,-0.01167375764645584,94179.39157981402
2023-10-10,-0.007225793848790185,93498.8707114538
2023-10-11,-0.018727287088787903,91747.89051716293
2023-10-12,-0.004297949685258096,91353.5626999916
2023-10-13,0.0038129285402266344,91701.88730646178
2023-10-14,-0.0003532402035051341,91669.49451312785
2023-10-15,0.011197439859823133,92695.95816491898
2023-10-16,0.049430947966981886,97278.00724971862
2023-10-17,-0.003668158172778657,96921.17613239394
2023-10-18,-0.0026649665830850156,96662.88443680783
2023-10-19,0.013858880409122198,98002.52379221834
2023-10-20,0.03316863566437034,101253.13379807121
2023-10-21,0.008090722633491865,102072.34481940325
2023-10-22,0.00275548950492821,102353.60409429655
2023-10-23,0.10230823850986148,112825.22103431978
2023-10-24,0.02571709410207923,115726.75786074727
2023-10-25,0.016856785390884088,117677.53898198869
2023-10-26,-0.009957914818836011,116505.7160727158
2023-10-27,-0.0075829085566399,115622.26388141054
2023-10-28,0.00556142171003593,116265.28804992413
2023-10-29,0.01302009112964031,117779.07269554802
2023-10-30,-0.0014779980360052347,117604.99545742146
2023-10-31,0.004775016727704973,118166.56127799232
2023-11-01,0.022507887858014497,120826.24098780457
2023-11-02,-0.013512840042211205,119193.5353204347
2023-11-03,-0.006417625587024189,118428.5958383544
2023-11-04,0.009920621323452394,119603.48109153491
2023-11-05,-0.0014278573696723251,119432.7043796199
2023-11-06,0.0009746333312776745,119549.1074741529
2023-11-07,0.01004793290527739,120750.328884939
2023-11-08,0.006357146573420902,121517.95642444934
2023-11-09,0.030139259605320046,125180.41765983378
2023-11-10,0.016323639508680987,127223.81767125904
2023-11-11,-0.004590248853342249,126639.82868807571
2023-11-12,-0.001769818786998667,126415.69914008125
2023-11-13,-0.016181896269260365,124370.05340979043
2023-11-14,-0.024944031119548682,121267.7629271967
2023-11-15,0.06473148389231231,129117.60516977528
2023-11-16,-0.04465974678220541,123351.24561776833
2023-11-17,0.012424414637365322,124883.81263935898
2023-11-18,-0.0012484190516472982,124727.90530841764
2023-11-19,0.021599384732733373,127421.9513220821
2023-11-20,0.0023744698219867466,127724.51090015504
2023-11-21,-0.04547825557585983,121915.8229501361
2023-11-22,0.04651641184225941,127586.90958057261
2023-11-23,-0.0030418563511073193,127198.8085293468
2023-11-24,0.011216126872325427,128625.48650382058
2023-11-25,0.0017750350847307583,128853.80125515541
2023-11-26,-0.008799770436081156,127719.91738429363
2023-11-27,-0.00545424081978485,127023.30219739665
2023-11-28,0.015434007065640243,128983.78074101225
2023-11-29,0.0009436159849476322,129105.49189831843
2023-11-30,-0.003444100857744714,128660.83956293188
2023-12-01,0.02535037412282337,131922.43998080876
2023-12-02,0.01980422505940016,134535.0616725739
2023-12-03,0.013199928776570058,136310.91490460336
2023-12-04,0.05039445120157282,143180.22865400516
2023-12-05,0.04948288516640065,150265.19946659027
2023-12-06,-0.0070339039940426895,149208.2484798966
2023-12-07,-0.011163893233108957,147542.50352436784
2023-12-08,0.02070608967118126,150597.531832654
2023-12-09,-0.010334280920525574,149041.21463275753
2023-12-10,0.0017330219444506856,149299.5063283437
2023-12-11,-0.057799112063420144,140670.12743105847
2023-12-12,0.0057808180492733285,141483.31584270552
2023-12-13,0.03310751669337986,146167.47708380263
2023-12-14,0.003567011442602075,146688.85814709682
2023-12-15,-0.0250972148816061,143007.3763534417
2023-12-16,0.008035680352014296,144156.53791779815
2023-12-17,-0.021322964290728774,141082.69320750187
2023-12-18,0.030946756557592936,145448.74496868398
2023-12-19,-0.008932001194117078,144149.59660494086
2023-12-20,0.03287989563271543,148889.22029680936
2023-12-21,0.004407708617822914,149545.48059621252
2023-12-22,0.0024400288672046244,149910.37588582726
2023-12-23,-0.006057532985118241,149002.28883908738
2023-12-24,-0.01622857487884488,146584.194037543
2023-12-25,0.013570798607643209,148573.45861389016
2023-12-26,-0.02444083477256176,144942.19926032005
2023-12-27,0.021595669184568456,148072.32304642972
2023-12-28,-0.019879197742617594,145128.764056381
2023-12-29,-0.011647917447939471,143438.31619333077
2023-12-30,0.0017395141201181907,143687.82916971506
2023-12-31,0.0033934203404535346,144175.42237189517
2024-01-01,0.04474573854400732,150626.65812581984
2024-01-02,0.017334398175013144,153237.68059354436
2024-01-03,-0.04666727834418738,146086.49510046776
2024-01-04,0.030415945900899466,150529.85403229558
2024-01-05,-0.0001353990551470341,150509.4724322882
2024-01-06,-0.003996734636470545,149907.92601070117
2024-01-07,-0.0008920298892218792,149774.20366006836
2024-01-08,0.06865493604190887,160056.9420330782
2024-01-09,-0.017879426654527797,157195.21567744977
2024-01-10,0.01177505770719156,159046.19841334617
2024-01-11,-0.006735413581814509,157974.95648841694
2024-01-12,-0.07660153500468936,145873.8323291052
2024-01-13,0.0015222329858650685,146095.88628845112
2024-01-14,-0.02598349347354001,142299.8047805641
2024-01-15,0.0186210946337122,144949.58291174175
2024-01-16,0.014714927002975386,147082.50544339977
2024-01-17,-0.008371032145318869,145851.27306231903
2024-01-18,-0.03379478660722446,140922.26041278592
2024-01-19,0.008004877399305332,142050.32583022324
2024-01-20,0.0008865195201352982,142176.25621691332
2024-01-21,-0.002769206046536632,141782.5408685235
2024-01-22,-0.04829293297401982,134935.44612547368
2024-01-23,0.008310865463238004,136056.87646444447
2024-01-24,0.004683627595250872,136694.11620557698
2024-01-25,-0.0030813937217173404,136272.90781410542
2024-01-26,0.04650284843779717,142609.98619236267
2024-01-27,0.00708913750732898,143620.9679943986
2024-01-28,-0.00212205275560462,143316.1967235035
2024-01-29,0.030191198790711082,147643.08450871144
2024-01-30,-0.008333487031169984,146412.70277871616
2024-01-31,-0.008391897728172948,145184.02235089178
2024-02-01,0.011787149852684475,146895.32817855725
2024-02-02,0.0027115148534000433,147293.63704280846
2024-02-03,-0.0043639766056075,146650.8510565988
2024-02-04,-0.009935361402303333,145193.82185139612
2024-02-05,0.002948580544450463,145621.93752968154
2024-02-06,0.00911858726036563,146949.80387406948
2024-02-07,0.028958644434261105,151205.27099414304
2024-02-08,0.021131641682597957,154400.4866013114
2024-02-09,0.04063983771634683,160675.29732011366
2024-02-10,0.013094099414864502,162779.19563673614
2024-02-11,0.011473760611169448,164646.8851599508
2024-02-12,0.033422824516613936,170149.84910985891
2024-02-13,-0.004353097678300277,169409.17019673565
2024-02-14,0.04208998602797598,176539.59980332726
2024-02-15,0.0016350038554326929,176828.24272964222
2024-02-16,0.004697268564428647,177658.85247551932
2024-02-17,-0.009221335664502006,176020.60056307234
2024-02-18,0.009569284628808239,177704.99179039415
2024-02-19,-0.006949389588728594,176470.05057058088
2024-02-20,0.009333973274766372,178117.21730640336
2024-02-21,-0.007821412869184474,176724.08901073973
2024-02-22,-0.01080078538418261,174815.33005311954
2024-02-23,-0.010593667412059138,172963.39458800745
2024-02-24,0.016211431133316134,175767.37874795552
2024-02-25,0.003109566401438224,176313.93908337902
2024-02-26,0.05302509710930137,185663.00282499864
2024-02-27,0.046932491924637665,194376.63020578687
2024-02-28,0.09443642365618365,212732.86400476188
2024-02-29,-0.02081106077293804,208305.66744355764
2024-03-01,0.020531373446454504,212582.4688928543
2024-03-02,-0.006412341330457538,211219.31754144194
2024-03-03,0.018150235170188544,215052.99782730584
2024-03-04,0.08119524480666152,232514.27863230035
2024-03-05,-0.0661703708814072,217128.7225799782
2024-03-06,0.03682710507550424,225124.94486134103
2024-03-07,0.011322570193824877,227673.93785191455
2024-03-08,0.01944384299115276,232100.79415268466
2024-03-09,0.002771918257739925,232744.15858163242
2024-03-10,0.009394639974682484,234930.70615771727
2024-03-11,0.04522048012287616,245554.38548577557
2024-03-12,-0.008675620059254374,243424.0489334173
2024-03-13,0.022650104209558375,248937.62900887185
2024-03-14,-0.02301051212746863,243209.44667757992
2024-03-15,-0.0264291783228896,236781.62084152686
2024-03-16,-0.060343721583614895,222493.33663734866
2024-03-17,0.04729914611192476,233017.0814758883
2024-03-18,-0.011440819955654491,230351.17500013058
2024-03-19,-0.08379197268365013,211049.59563687292
2024-03-20,0.09517169485929267,231135.54335300252
2024-03-21,-0.03443653911920708,223176.03517248764
2024-03-22,-0.025989266431234892,217375.8537333232
2024-03-23,0.0030268384932086168,218033.81533489728
2024-03-24,0.05025054444735555,228990.13326341007
2024-03-25,0.039674293015259376,238075.15490810588
2024-03-26,0.0015434086056269614,238442.60215097704
2024-03-27,-0.007392064418003441,236680.01907588064
2024-03-28,0.01884184095395991,241139.5063522886
2024-03-29,-0.01312363221608448,237974.88015815298
2024-03-30,-0.0038370558294174018,237061.7572569872
2024-03-31,0.02436936179198912,242838.80098662744
2024-04-01,-0.022842147142511315,237291.84136257987
2024-04-02,-0.06002168131095553,223049.18608262527
2024-04-03,0.007616644344931922,224748.0724044432
2024-04-04,0.038220166228889685,233337.98109136353
2024-04-05,-0.009728872805454647,231067.86555264404
2024-04-06,0.015835575614699504,234726.95820973016
2024-04-07,0.006731802100367057,236307.09364001921
2024-04-08,0.03253630129482987,243995.65243679646
2024-04-09,-0.03450079154093355,235577.60929518045
2024-04-10,0.021449999730621228,240630.74895110246
2024-04-11,-0.008835601153394101,238504.63162812803
2024-04-12,-0.041225781341960754,228672.09183558193
2024-04-13,-0.0474966009095763,217810.9447505093
2024-04-14,0.02714026426868754,223722.3913516506
2024-04-15,-0.03409640178428475,216094.26280798373
2024-04-16,0.005879528890396779,217364.79526921228
2024-04-17,-0.03938549738680264,208803.77469315383
2024-04-18,0.03573175138847429,216264.6992594646
2024-04-19,0.005474162601185828,217448.56738810748
2024-04-20,0.017565972624697057,221268.26297012653
2024-04-21,8.61153066344933e-06,221270.16842855792
2024-04-22,0.028881748687708875,227660.83782519857
2024-04-23,-0.006057886832858572,226281.69423337976
2024-04-24,-0.03194481424692919,219053.16754361402
2024-04-25,0.00324256281849733,219763.46119996504
2024-04-26,-0.011276755502176217,217285.24237970106
2024-04-27,-0.004823632769193953,216237.1381642961
2024-04-28,-0.005402948987944689,215068.81993749528
2024-04-29,0.011824300861995596,217611.85837047058
2024-04-30,-0.04994175569794013,206743.94010275777
2024-05-01,-0.03796924006944924,198894.0298080923
2024-05-02,0.011900747783200716,201261.01749242283
2024-05-03,0.06460621333313266,214263.72972418167
2024-05-04,0.01603973041901874,217700.462187531
2024-05-05,0.0018749451091695235,218108.6386043735
2024-05-06,-0.013210661444304828,215227.27922169288
2024-05-07,-0.01348711836404326,212324.48343165894
2024-05-08,-0.017933326986843467,208516.79904296633
2024-05-09,0.030694077140145826,214917.02975780744
2024-05-10,-0.03600268593913736,207179.43943246486
2024-05-11,0.00042701009872980755,207267.90714535172
2024-05-12,0.010802027616050758,209506.82080225684
2024-05-13,0.023648385943145556,214461.31895831003
2024-05-14,-0.021618605502449983,209824.96430821525
2024-05-15,0.0750658510829263,225575.65383245604
2024-05-16,-0.01465102955482378,222270.738261308
2024-05-17,0.02738347237329508,228357.28288187843
2024-05-18,-0.0016211585096651548,227987.07952949044
2024-05-19,-0.009569471578924627,225805.36365157098
2024-05-20,0.0779447616293214,243405.70889601493
2024-05-21,-0.018148847801925494,238988.17573114135
2024-05-22,-0.013977280357965971,235647.77099670834
2024-05-23,-0.017283487561877142,231574.95567770264
2024-05-24,0.008527119860358034,233549.62308142352
2024-05-25,0.010789573068900049,236069.52380487463
2024-05-26,-0.011284383076055171,233405.6248656785
2024-05-27,0.013539531492910095,236565.8276741697
2024-05-28,-0.014930471766311237,233033.78826320643
2024-05-29,-0.01089215765563778,230495.5475023531
2024-05-30,0.01032979775086984,232876.5198905284
2024-05-31,-0.011866628475624141,230113.0607482912
2024-06-01,0.0033542066946754545,230884.9075171854
2024-06-02,-1.7979422482161667e-05,230880.75633988838
2024-06-03,0.015389925485092215,234433.993975901
2024-06-04,0.02507953751355796,240313.4901222728
2024-06-05,0.008072908809797719,242253.51901379414
2024-06-06,-0.0043392582680964464,241202.31842843807
2024-06-07,-0.020362670206561018,236290.79516522188
2024-06-08,-0.0006500192268662497,236137.20160523296
2024-06-09,0.00486577898920082,237286.19303937236
2024-06-10,-0.001550691293114137,236918.23540585002
2024-06-11,-0.031966220864484196,229344.85476604273
2024-06-12,0.014090673527087594,232576.4782396684
2024-06-13,-0.0218131044890566,227503.2632181297
2024-06-14,-0.010903433129578644,225022.69660086988
2024-06-15,0.002786225058587277,225649.6604768901
2024-06-16,0.0067648068097807545,227176.1368367089
2024-06-17,-0.0025842738648044206,226589.05148357459
2024-06-18,-0.019957253745002457,222066.95628727745
2024-06-19,-0.003079041357239909,221383.20294479255
2024-06-20,-0.0016042944382090862,221028.0391035953
2024-06-21,-0.011182987832851654,218556.28523158072
2024-06-22,0.0018440946864524133,218959.3237158671
2024-06-23,-0.0163479668589942,215379.78394829232
2024-06-24,-0.046078651987864094,205455.37383851758
2024-06-25,0.025052416579434356,210602.52745240356
2024-06-26,-0.015203610215197227,207400.60871468185
2024-06-27,0.013805280125661179,210263.8322162207
2024-06-28,-0.020691490037541338,205913.16022666352
2024-06-29,0.009234530752085135,207814.67163703567
2024-06-30,0.02923167821450967,213889.44324658348
2024-07-01,0.0020359364027220384,214324.90855024714
2024-07-02,-0.012137455646149986,211723.54947885335
2024-07-03,-0.03096700530626617,205167.10519868022
2024-07-04,-0.052383465592474976,194419.74120279745
2024-07-05,-0.0073719108563078395,192986.49620194398
2024-07-06,0.028233718648366768,198435.22263864378
2024-07-07,-0.04067859639435634,190363.15630650215
2024-07-08,0.015314861776112965,193278.5417326008
2024-07-09,0.023508920055081095,197822.31151855516
2024-07-10,-0.005575479271919148,196719.35732116032
2024-07-11,-0.006675851271807143,195406.08814939877
2024-07-12,0.009563388470945844,197274.83247995935
2024-07-13,0.022679793691248618,201748.98498108046
2024-07-14,0.02688180579873567,207172.3620154339
2024-07-15,0.06448450514801074,220531.7692603437
2024-07-16,0.0049349941841725364,221620.09225906877
2024-07-17,-0.01467777455375896,218367.2025083069
2024-07-18,-0.0015592937610265922,218026.7038918229
2024-07-19,0.04170145604802178,227118.73490146277
2024-07-20,0.007190573602831263,228751.84888135368
2024-07-21,0.015252171543346238,232240.8113213497
2024-07-22,-0.009279038406437068,230085.8399135568
2024-07-23,-0.023602306563301978,224655.28338404218
2024-07-24,-0.008481850187313955,222749.79092659018
2024-07-25,0.006476029022096652,224192.32503729672
2024-07-26,0.0319940749777996,231365.1510939872
2024-07-27,-0.00016897931128556642,231326.05517009983
2024-07-28,0.005197911326597193,232528.46749240553
2024-07-29,-0.021440221532128878,227543.00563684193
2024-07-30,-0.008922708826083037,225512.70565213263
2024-07-31,-0.02353775481456799,220204.64287892287
2024-08-01,0.011218468293571648,222675.00168315734
2024-08-02,-0.05891719966530695,209555.6141485182
2024-08-03,-0.01299531091057804,206832.3737896011
2024-08-04,-0.04173608333619605,198200.00060049506
2024-08-05,-0.07111116869759482,184105.76692192987
2024-08-06,0.03702272411915475,190921.86393942588
2024-08-07,-0.015823238902730297,187900.86167455776
2024-08-08,0.118643868932089,210194.1468793006
2024-08-09,-0.013727349332444683,207308.73839745324
2024-08-10,0.0014036587437669112,207599.72912076412
2024-08-11,-0.03623745571940884,200076.84312938916
2024-08-12,0.010782963431324344,202234.26441230817
2024-08-13,0.020871659529673847,206455.2291243559
2024-08-14,-0.03137601343023155,199977.4870826086
2024-08-15,-0.019436672969913027,196090.5900648389
2024-08-16,0.023139860981932436,200628.0990588044
2024-08-17,0.010470786018706546,202728.832953389
2024-08-18,-0.017868936715519035,199106.28426693386
2024-08-19,0.017279933643880474,202546.8276471461
2024-08-20,-0.007134577622120997,201101.74158318315
2024-08-21,0.03624613611872429,208390.90268231972
2024-08-22,-0.01273893364470291,205736.2248008899
2024-08-23,0.06055470080258196,218194.52033796054
2024-08-24,0.0018677367396133793,218602.05025997804
2024-08-25,0.000980457627159259,218816.3803074681
2024-08-26,-0.02155236098462865,214100.37068973176
2024-08-27,-0.054336684271682145,202466.8664451137
2024-08-28,-0.0063878595694530915,201173.53653479507
2024-08-29,0.005481924274023164,202276.35462801627
2024-08-30,-0.003953403618928708,201476.67455560615
2024-08-31,-0.0025332493321915672,200966.28390433599
2024-09-01,-0.02831120070252313,195276.68710628006
2024-09-02,0.03189159310798284,201504.37175494843
2024-09-03,-0.027767350806970126,195909.12917529064
2024-09-04,0.008391831185962983,197553.1655151187
2024-09-05,-0.030845995810000137,191459.44139938708
2024-09-06,-0.03940090835304977,183915.76549548373
2024-09-07,0.0036611400408497197,184589.10686868278
2024-09-08,0.01307093768238543,187001.8595814105
2024-09-09,0.03952167522372507,194392.48634201966
2024-09-10,0.010397073420988168,196413.59929500608
2024-09-11,-0.00516228036883748,195399.65722719277
2024-09-12,0.013831941770690692,198102.41390797222
2024-09-13,0.04063288720475389,206151.88694728434
2024-09-14,-0.008334695063541564,204433.673832805
2024-09-15,-0.014331026594068264,201503.92941638402
2024-09-16,-0.01550155781509488,198380.30460456715
2024-09-17,0.03601904499554753,205525.7737223495
2024-09-18,0.023939410562157537,210445.9396005939
2024-09-19,0.01920822975122083,214488.23355865362
2024-09-20,0.004014500191688697,215349.29661338983
2024-09-21,0.0023370366939221565,215852.57582158563
2024-09-22,0.0036224653552070496,216634.49429933153
2024-09-23,-0.003750279203316831,215822.0544606397
2024-09-24,0.014547248473143704,218961.67151286296
2024-09-25,-0.01725981807812904,215182.43289646792
2024-09-26,0.031972860583583174,222062.4308235029
2024-09-27,0.009131738655745458,224090.24690704266
2024-09-28,0.0013369582854709794,224389.84621933827
2024-09-29,-0.0038817829778549084,223518.8135338806
2024-09-30,-0.03462326613462563,215779.86216680126
2024-10-01,-0.03976609109410045,207199.14051160382
2024-10-02,-0.002570027936298569,206666.63293211194
2024-10-03,0.0017028939896075457,207018.56429918445
2024-10-04,0.021914258550859156,211555.22264206444
2024-10-05,-0.00045034540098132236,211459.949720494
2024-10-06,0.012259902064142292,214052.4279945557
2024-10-07,-0.009472660377271236,212024.78204123297
2024-10-08,-0.001019217657800886,211808.68263948517
2024-10-09,-0.024489875373874592,206621.5143985396
2024-10-10,-0.005098928760727928,205567.96601618777
2024-10-11,0.03664013972128921,213100.0050132421
2024-10-12,0.010637649043949482,215366.88807783686
2024-10-13,-0.005311659512395095,214222.9324981233
2024-10-14,0.051049008380624095,225158.80077454186
2024-10-15,0.014963166784708104,228527.8894635762
2024-10-16,0.008127584061703885,230385.26909563516
2024-10-17,-0.0029276969891475213,229710.77083695994
2024-10-18,0.014904693098771515,233134.53937776707
2024-10-19,-0.000729751230959419,232964.40916067697
2024-10-20,0.009551970713087554,235189.67837417152
2024-10-21,-0.023936317683594388,229560.10351670493
2024-10-22,0.0007188806245044255,229725.1298272823
2024-10-23,-0.01121759034460268,227148.16742901917
2024-10-24,0.022913350956158096,232352.89310836844
2024-10-25,-0.021965452266196728,227249.15672588386
2024-10-26,0.005905805107807138,228591.24595642046
2024-10-27,0.013827367990615569,231752.06123369318
2024-10-28,0.028490740130463932,238354.84898500174
2024-10-29,0.039602882136717144,247794.38797606973
2024-10-30,-0.005378378741674128,246461.6559074731
2024-10-31,-0.028339613254759755,239477.02789692764
2024-11-01,-0.011309949350295945,236768.55484085396
2024-11-02,-0.0017427729320202978,236355.9210123238
2024-11-03,-0.008619667072132242,234318.61166267036
2024-11-04,-0.01344640763302618,231167.8680942493
2024-11-05,0.02240261092908402,236346.6319024706
2024-11-06,0.08925906283185592,257442.71076955076
2024-11-07,0.003778722568656079,258415.5153508717
2024-11-08,0.008583554827832351,260633.63909524845
2024-11-09,0.0021890831053650306,261204.18779128167
2024-11-10,0.04810139825306825,273768.47445359937
2024-11-11,0.102885077420106,301935.1651429422
2024-11-12,-0.00784322213242572,299567.0205731355
2024-11-13,0.027523579862811065,307812.1773881446
2024-11-14,-0.03371086977405513,297435.56116134446
2024-11-15,0.04240140248044444,310047.2461021435
2024-11-16,-0.004885285522754801,308532.57677939074
2024-11-17,-0.008060949730215872,306045.5111878381
2024-11-18,0.0067607254430073205,308114.6008620439
2024-11-19,0.020393786748395648,314398.22432609147
2024-11-20,0.02138295658256517,321120.9879064919
2024-11-21,0.04270789351172355,334835.3888623818
2024-11-22,0.005841942784663656,336791.47804639646
2024-11-23,-0.012321618941584345,332641.6617911358
2024-11-24,0.0023285383081508293,333416.23064350337
2024-11-25,-0.049904101181350025,316777.3933339657
2024-11-26,-0.011223058277971099,313222.1821874348
2024-11-27,0.042344324088090524,326485.36378155847
2024-11-28,-0.002283755329129389,325739.7510921396
2024-11-29,0.01896973739336416,331918.9486289373
2024-11-30,-0.010784481598306916,328339.3748353191
2024-12-01,0.008054075359468227,330983.84490372345
2024-12-02,-0.013822444098873898,326408.83920991136
2024-12-03,9.454897561855802e-05,326439.7008312915
2024-12-04,0.0285353518598499,335754.77255553653
2024-12-05,-0.016637206611761712,330168.751033645
2024-12-06,0.028806462308956338,339679.7447158909
2024-12-07,0.0009130582278746857,339989.89210164617
2024-12-08,0.012786166318689896,344337.05940873123
2024-12-09,-0.03787739483237862,331294.4686540865
2024-12-10,-0.007019670442850123,328968.8906645957
2024-12-11,0.046875565789486595,344389.49354163837
2024-12-12,-0.011072732424802889,340576.1608297384
2024-12-13,0.014186436447615414,345407.72289092233
2024-12-14,-4.1866662191747395e-05,345393.26182246965
2024-12-15,0.02998753807688037,355750.75541286886
2024-12-16,0.015252338844488955,361176.78647860885
2024-12-17,0.0007073199151947929,361432.2540125912
2024-12-18,-0.055823808804306374,341255.7289688828
2024-12-19,-0.027341523390866596,331925.27747301286
2024-12-20,0.0035220782480209767,333094.3442727689
2024-12-21,-0.005244962063562064,331347.2770734711
2024-12-22,-0.02162363330068573,324182.3450588537
2024-12-23,-0.0031991680583119964,323145.2312554727
2024-12-24,0.03982427299691582,336014.2551626421
2024-12-25,0.0077570011922407645,338620.7181405486
2024-12-26,-0.03655616426380193,326242.04354507616
2024-12-27,-0.015567046807504314,321163.4183826341
2024-12-28,0.01060489667585629,324569.32325064676
2024-12-29,-0.016373042922855463,319255.13578962174
2024-12-30,-0.010084016628370107,316035.7616916266
2024-12-31,0.00844041085564795,318703.2333653816
2025-01-01,0.010844983992978952,322159.5648297398
2025-01-02,0.02527453187439388,330301.9970196699
2025-01-03,0.012252495033670208,334349.0205977648
2025-01-04,0.00047138954626047,334506.62923087704
2025-01-05,0.0014557161646535643,334993.5759382322
2025-01-06,0.03932866458263029,348168.42592364276
2025-01-07,-0.051610422327466154,330199.30642063444
2025-01-08,-0.019517099212685296,323754.7737972631
2025-01-09,-0.026359889312712714,315220.63379550487
2025-01-10,0.023462832240302545,322616.6026449307
2025-01-11,-0.0013301747525382712,322187.46618534275
2025-01-12,-0.0005801127483576751,322000.56112884753
2025-01-13,-9.468099929899054e-05,321970.073793945
2025-01-14,0.021397818393253498,328859.5309610503
2025-01-15,0.04072960247286583,342253.84892650694
2025-01-16,-0.005070792775535349,340518.3505819713
2025-01-17,0.04087082003939724,354435.61480871943
2025-01-18,0.0045960303100929245,356064.6116373567
2025-01-19,-0.030815312047936194,345092.36952052434
2025-01-20,0.009154401123070643,348251.48349562613
2025-01-21,0.03794691306432463,361466.55226435675
2025-01-22,-0.02294179404903618,353173.8610666927
2025-01-23,0.0019623265726540495,353866.9035190307
2025-01-24,0.009232410695475313,357133.94810385455
2025-01-25,-0.001178079062764903,356713.2160769908
2025-01-26,-0.020287527117576087,349476.38703263114
2025-01-27,-0.005230044266523293,347648.61005834583
2025-01-28,-0.007314282804825933,345105.8098076745
2025-01-29,0.023640553854975987,353264.3022900979
2025-01-30,0.009532685570689647,356631.8598071785
2025-01-31,-0.021881008470805208,348828.3950617786
2025-02-01,-0.017498477879701935,342724.4291069781
2025-02-02,-0.029139585775864063,332737.5812075313
2025-02-03,0.03709953749423711,345081.99157728185
2025-02-04,-0.035155736289696926,332950.3800830675
2025-02-05,-0.011759640626130885,329035.00326695695
2025-02-06,-0.0006006147012007634,328837.38000678516
2025-02-07,-0.0004920177762312017,328675.5861703325
2025-02-08,-0.0006424743252537723,328464.4205448803
2025-02-09,0.00018656786051352015,328525.7014490762
2025-02-10,0.010026488553675605,331819.6606342436
2025-02-11,-0.01694659073726723,326196.44864689617
2025-02-12,0.02181977690333725,333313.9823830324
2025-02-13,-0.012881476672549796,329020.40609433065
2025-02-14,0.00922824208505868,332056.68605269346
2025-02-15,0.0007088915183850464,332292.0782210593
2025-02-16,-0.014863478939189045,327353.0619147612
2025-02-17,-0.003514519074055089,326202.57333471143
2025-02-18,-0.0011292551811520335,325834.2073886681
2025-02-19,0.010156929462652453,329143.68244963407
2025-02-20,0.017167173940790592,334794.1492977593
2025-02-21,-0.021576831867829105,327570.35222802864
2025-02-22,0.003833262295303008,328826.01530828344
2025-02-23,-0.003031989720327921,327829.0182100923
2025-02-24,-0.048835401539821466,311819.356469397
2025-02-25,-0.03134479215916197,302045.44354966015
2025-02-26,-0.049908357710572226,286970.85150813527
2025-02-27,0.005436301479657901,288530.9115728076
2025-02-28,-0.004229390932470656,287310.60155166406
2025-03-01,0.020305799183534923,293144.6729300728
2025-03-02,0.09524296508427077,321064.64077859174
2025-03-03,-0.08530646444414325,293675.75141574116
2025-03-04,0.012297311415217838,297287.1735859986
2025-03-05,0.03804523005095373,308597.53249627573
2025-03-06,-0.007432864483200685,306303.7688573808
2025-03-07,-0.03477145578121976,295653.1409029354
2025-03-08,-0.006667031133799073,293682.01220773003
2025-03-09,-0.06358497987593259,275008.2473715781
2025-03-10,-0.026459218879910207,267731.743960593
2025-03-11,0.05512061121570988,282489.28132954886
2025-03-12,0.008999236253938392,285031.4691114387
2025-03-13,-0.03061217922727988,276306.0346935844
2025-03-14,0.03531119308554831,286062.7304353518
2025-03-15,0.004225440918297574,287271.4716017333
2025-03-16,-0.02089273881280962,281269.5837771868
2025-03-17,0.01736568336704636,286154.02230984234
2025-03-18,-0.015398604524458959,281747.64968720987
2025-03-19,0.04988809069816269,295803.50198879954
2025-03-20,-0.0301669857070469,286880.001972209
2025-03-21,-0.0015964533646746215,286422.0114278026
2025-03-22,-0.0029485387433219046,285577.48503016756
2025-03-23,0.02671195419737482,293205.8177300949
2025-03-24,0.016428496882515242,298022.7485926091
2025-03-25,-0.0012021237064623325,297664.48838146083
2025-03-26,-0.005529177259532725,296018.6486613316
2025-03-27,0.003710903994308179,297117.1454470387
2025-03-28,-0.032153156337704214,287563.8914188677
2025-03-29,-0.021012655186052553,281521.4105245235
2025-03-30,-0.0031249607301041538,280641.66717195086
2025-03-31,0.001940142218587182,281186.15191872587
2025-04-01,0.03156312969998387,290061.26690157596
2025-04-02,-0.030992937793056452,281071.4161003203
2025-04-03,0.00843534621293851,283442.35080568737
2025-04-04,0.00812445479618118,285745.1653721315
2025-04-05,-0.0041901265914111585,284547.85695633857
2025-04-06,-0.0610810045726109,267167.3880044618
2025-04-07,0.009338436199932687,269662.31361204415
2025-04-08,-0.03584552226375226,259996.12714576864
2025-04-09,0.0823547213458351,281408.03574785474
2025-04-10,-0.036369827267338284,271173.2740960643
2025-04-11,0.04788884751989686,284159.4496707219
2025-04-12,0.022189056210955904,290464.6796723398
2025-04-13,-0.01776949449378984,285303.26914626174
2025-04-14,0.009917649128318828,288132.8068648167
2025-04-15,-0.011190235097942258,284908.5330165694
2025-04-16,0.004614576747520971,286223.265308198
2025-04-17,0.010907539463541172,289345.2568699308
2025-04-18,-0.005564910391294142,287735.0764433036
2025-04-19,0.007122720915666569,289784.53309045726
2025-04-20,0.0012003685571231326,290132.38133231964
2025-04-21,0.027407669162021753,298084.2336530654
2025-04-22,0.06765342487816572,318250.6529618787
2025-04-23,0.0026524756612471556,319094.80507303606
2025-04-24,0.003085853028063079,320079.48474350985
2025-04-25,0.006997100128462108,322319.11294732674
2025-04-26,-0.00011274483240586441,322282.7731329563
2025-04-27,-0.009277158707788447,319292.9046978157
2025-04-28,0.013447459381834781,323586.5830646476
2025-04-29,-0.007932308524572607,321019.79445336666
2025-04-30,-0.0008990377081358192,320731.185553095
2025-05-01,0.02459047010443771,328618.1161829993
2025-05-02,0.00411303107203298,329969.73270569294
2025-05-03,-0.010628648629143589,326462.60035851167
2025-05-04,-0.01645527459787499,321090.5686236761
2025-05-05,0.004832878594888124,322642.3603597979
2025-05-06,0.02215030287805031,329788.98636305647
2025-05-07,0.0020271862576426436,330457.5300641335
2025-05-08,0.06415943346814412,351659.49797833053
2025-05-09,-0.0028022227441437675,350674.0697349015
2025-05-10,0.017829723158486965,356926.4913171347
2025-05-11,-0.006592402182877044,354573.48833664897
2025-05-12,-0.012731259602507983,350059.32120846823
2025-05-13,0.012756631998153356,354524.89914664807
2025-05-14,-0.005719237018781409,352497.2872193688
2025-05-15,0.002470068441921436,353367.97964439227
2025-05-16,-0.0028868909082877536,352347.84483667684
2025-05-17,-0.003256805259598816,351200.3165224045
2025-05-18,0.032239550197268985,362522.8567562253
2025-05-19,-0.008264475243990876,359526.7955811826
2025-05-20,0.012078581748556028,363869.3693724063
2025-05-21,0.026127169064517952,373376.24590339867
2025-05-22,0.018702027134682053,380359.13858572976
2025-05-23,-0.03916376409254341,365462.8430117152
2025-05-24,0.004130185437259293,366972.2723237816
2025-05-25,0.011518546878122704,371199.2596455143
2025-05-26,0.003947102240933198,372664.42107509385
2025-05-27,-0.004534378042718501,370974.6197068686
2025-05-28,-0.010606487413948873,367039.8820720532
2025-05-29,-0.020320981886905898,359581.27127669496
2025-05-30,-0.015180701842563149,354122.57520927367
2025-05-31,0.005826624500425703,356185.91448214184
2025-06-01,0.010040563503612043,359762.22177559196
2025-06-02,0.002034021488237947,360493.9858653397
2025-06-03,-0.004540971591831311,358856.99291649915
2025-06-04,-0.0064478972856282235,356543.1198859442
2025-06-05,-0.030425815295254455,345695.0047755007
2025-06-06,0.027360602017687752,355153.4282206658
2025-06-07,0.012107176197960978,359453.33335344325
2025-06-08,0.001721401756895613,360072.0969529999
2025-06-09,0.04279827080884746,375482.56006910396
2025-06-10,0.00010303437624137324,375521.2476804702
2025-06-11,-0.014762842875627347,369977.4865045038
2025-06-12,-0.027345636134389117,359860.2167806358
2025-06-13,0.003733539546058262,361203.76913103944
2025-06-14,-0.006141486025945775,358985.4412304022
2025-06-15,0.0017001389769373265,359595.7663711911
2025-06-16,0.011359684808420312,363680.6609356102
2025-06-17,-0.02098892598959079,356047.3944593872
2025-06-18,0.003207292233905479,357189.34250253905
2025-06-19,-0.0021737498641916098,356412.90221778344
2025-06-20,-0.012989382367043834,351783.31875032885
2025-06-21,-0.011393945218305501,347775.1188877739
2025-06-22,-0.011311582600592507,343841.23190404393
2025-06-23,0.04324549748612183,358710.8170339753
2025-06-24,0.007105413924753723,361259.6058682883
2025-06-25,0.01184479830751517,365538.6530364506
2025-06-26,-0.0036630677753580754,364199.660175865
2025-06-27,0.0009392205756484362,364541.7239903463
2025-06-28,0.0023260135841109975,365389.65299232304
2025-06-29,0.009872301903942615,368996.8899592401
2025-06-30,-0.011161650641286602,364878.2755857938
2025-07-01,-0.013664941521379426,359892.2352874921
2025-07-02,0.029956233271359656,370673.25104031526
2025-07-03,0.006748603124138608,373174.7777003206
2025-07-04,-0.014593709646689379,367728.77334709425
2025-07-05,0.0019790374574182312,368456.5223637186
2025-07-06,0.00928757405808156,371878.5896023548
2025-07-07,-0.008609020564007253,368677.0791771541
2025-07-08,0.006091658789244336,370922.9341469166
2025-07-09,0.02119969388797971,378786.3868068625
2025-07-10,0.04290247202250064,395037.259169348
2025-07-11,0.01307217581510245,400201.25567472586
2025-07-12,-0.0009153504099349563,399834.93129128753
2025-07-13,0.014183144233808953,405505.8477915069
2025-07-14,0.006331354021268387,408073.24887156946
2025-07-15,-0.01736926176357423,400985.31779320707
2025-07-16,0.007402335546503824,403953.54566473386
2025-07-17,0.004608616345887384,405815.2125782635
2025-07-18,-0.010503574974383367,401552.70206720236
2025-07-19,-0.0007189017801954023,401264.02511484403
2025-07-20,-0.004874818228359223,399307.9359308294
2025-07-21,0.0009819893096667531,399700.0520551785
2025-07-22,0.021912701004220603,408458.55978723505
2025-07-23,-0.009983345981214753,404380.77666589036
2025-07-24,-0.003491958281226948,402968.6958640429
2025-07-25,-0.0061359717230597965,400496.0913409429
2025-07-26,0.002597049303825427,401536.19943614467
2025-07-27,0.012673325484900078,406624.9983855687
2025-07-28,-0.011323716671962747,402020.4921121132
2025-07-29,-0.0009442168939625128,401640.89757174184
2025-07-30,-0.000935790348711163,401265.0458961465
2025-07-31,-0.017605707895032463,394200.49070961215
2025-08-01,-0.021286966645899796,385809.1580120793
2025-08-02,-0.006628482808411551,383251.8286408685
2025-08-03,0.01475964148191422,388908.48822889576
2025-08-04,0.007403761962808231,391787.8741010581
2025-08-05,-0.008035883582679815,388639.5123556764
2025-08-06,0.007551507768989829,391574.32665256667
2025-08-07,0.021547822510908032,400011.90074310446
2025-08-08,-0.006781784138292446,397299.1063795167
2025-08-09,-0.001819836453139767,396576.0869829274
2025-08-10,0.024296368810945213,406211.44585386605
2025-08-11,-0.005092957096543116,404142.6283880075
2025-08-12,0.012191842555506982,409069.87168328295
2025-08-13,0.026387306010328793,419864.12356699567
2025-08-14,-0.04061220353236672,402812.5163247541
2025-08-15,-0.008050440119134028,399569.698282844
2025-08-16,0.0003287900814339384,399701.0728364809
2025-08-17,0.00020728844967776716,399783.92625220376
2025-08-18,-0.010025745277061238,395775.7944417357
2025-08-19,-0.02883629926124409,384363.0851928572
2025-08-20,0.012378560362406255,389120.94684399763
2025-08-21,-0.01548831786942595,383094.1179296258
2025-08-22,0.03940002763748818,398188.0367638122
2025-08-23,-0.012800226719972607,393091.1396160546
2025-08-24,-0.0168312825491842,386474.911577596
2025-08-25,-0.029772387608057893,374968.6307093179
2025-08-26,0.014983963812458923,380587.1471026736
2025-08-27,-0.00448102185041499,378881.7277805194
2025-08-28,0.01171876090616042,383321.7521600923
2025-08-29,-0.03718863020333418,369066.54127011646
2025-08-30,0.004046709622083311,370560.0463938633
2025-08-31,-0.005233744008868113,368620.62997112353
2025-09-01,0.009148210411590307,371992.84905615234
2025-09-02,0.01831761402439991,378806.8704849998
2025-09-03,0.004183115369444046,380391.4633269766
2025-09-04,-0.008719950725366798,377074.4685104152
2025-09-05,-0.0006395993786043608,376833.29191466834
2025-09-06,-0.004262089724760054,375227.1946132513
2025-09-07,0.008608998842168925,378457.5250972271
2025-09-08,0.008342395997814389,381614.76763994095
2025-09-09,-0.004626150208017488,379849.3604032409
2025-09-10,0.021620570472190126,388061.92026865546
2025-09-11,0.013351249722287184,393243.0318738726
2025-09-12,0.004730677268274253,395103.3377456656
2025-09-13,-0.0009570443587287869,394725.20632516115
2025-09-14,-0.005605533966238974,392512.5607737748
2025-09-15,0.0007082391813835187,392790.5535485
2025-09-16,0.012467708947416334,397687.75184743723
2025-09-17,-0.0029207513652729222,396526.2048032765
2025-09-18,0.005371211627144934,398656.0309649835
2025-09-19,-0.012300486801408383,393752.3677177968
2025-09-20,0.00046015896298245984,393933.5563989978
2025-09-21,-0.003915727988274886,392391.0197466856
2025-09-22,-0.022383648313769378,383607.87715919444
2025-09-23,-0.005784929501743141,381388.73263351514
2025-09-24,0.011671259843487825,385840.01963345945
2025-09-25,-0.03803069796647984,371166.2543833987
2025-09-26,0.0059493235541228096,373374.4425230974
2025-09-27,-6.935080737213717e-05,373348.5487040563
2025-09-28,0.023040464644543235,381950.67274056363
2025-09-29,0.019135528940923408,389259.50089279586
2025-09-30,-0.002299204047611525,388364.5138727719
2025-10-01,0.039829703645776204,403832.95736686036
2025-10-02,0.01629847592807332,410414.81910146674
2025-10-03,0.014116069919822616,416208.26338403445
2025-10-04,0.001299863885324104,416749.2774743808
2025-10-05,0.008910144168106537,420462.57361863175
2025-10-06,0.0095186719486402,424464.81892358843
2025-10-07,-0.026658668677762565,413149.15195053804
2025-10-08,0.016249600089689897,419862.6604471288
2025-10-09,-0.013319880577683851,414270.1399509444
2025-10-10,-0.07300069257483821,384028.1328214503
2025-10-11,-0.018873324345329734,376780.24531297974
2025-10-12,0.038962223616772595,391460.4414852465
2025-10-13,0.0018009983766080762,392165.46110486775
2025-10-14,-0.018549037178513195,384891.16938670474
2025-10-15,-0.020022341592952797,377184.7469171331
2025-10-16,-0.02317509025890563,368443.4563630461
2025-10-17,-0.01627774983998942,362446.02595018735
2025-10-18,0.007072181084312179,365009.3098789964
2025-10-19,0.013589282237737477,369969.52441034385
2025-10-20,0.017375956625762967,376398.09881935216
2025-10-21,-0.0201989521659518,368795.2516259448
2025-10-22,-0.006737298697743421,366310.56785743136
2025-10-23,0.02332189015212549,374853.6226825651
2025-10-24,0.008411890078652728,378006.8501521556
2025-10-25,0.0057733408055065105,380189.21252490004
2025-10-26,0.026071830708720878,390101.4413111311
2025-10-27,-0.003940325127336997,388564.3147997225
2025-10-28,-0.010588798336323424,384449.88562961656
2025-10-29,-0.02546453380269209,374660.0485215601
2025-10-30,-0.015424695702044855,368881.03128140164
2025-10-31,0.011854198364683821,373253.82019918057
2025-11-01,0.004467690005110825,374921.40256105387
2025-11-02,0.0040166408727468905,376427.3271906482
2025-11-03,-0.03577392520300626,362961.0441433623
2025-11-04,-0.04767738437181657,345656.0109297434
2025-11-05,0.023506650412661534,353781.22594170395
2025-11-06,-0.024420800491481542,345141.60520534986
2025-11-07,0.01964853397882438,351923.13176273316
2025-11-08,-0.009921338224649023,348431.58334343735
2025-11-09,0.023535020669307904,356631.92785926483
2025-11-10,0.012290354543656123,361015.0606942428
2025-11-11,-0.027824225289349358,350970.0963126381
2025-11-12,-0.013617587825269672,346190.7302020574
2025-11-13,-0.019287346678047212,339513.629571924
2025-11-14,-0.05109233761384013,322167.084585335
2025-11-15,0.010585271862630252,325577.3107608618
2025-11-16,-0.013949977855711615,321035.5144854256
2025-11-17,-0.021688408136987247,314072.765220798
2025-11-18,0.008078663012547116,316610.0532524357
2025-11-19,-0.0151088675702723,311826.4338864277
2025-11-20,-0.05366154896252362,295093.34443662205
2025-11-21,-0.01738584391444864,289962.89761005435
2025-11-22,-0.004572863965994656,288636.93672409793
2025-11-23,0.024641086592086747,295749.2644755911
2025-11-24,0.016912510052595087,300751.1268840821
2025-11-25,-0.010522295297373363,297586.53471599
2025-11-26,0.03560616103393843,308182.4487926192
2025-11-27,0.009383972122867679,311074.42430084624
2025-11-28,-0.004848371504321158,309566.21992634295
2025-11-29,-0.0009701118528979702,309265.90606713557
2025-11-30,-0.0048678119231794215,307760.45780214906
2025-12-01,-0.045042095925675985,293898.2817396947
2025-12-02,0.05779332371446366,310883.6402754016
2025-12-03,0.02355428776944657,318206.2830012615
2025-12-04,-0.014455864102530303,313606.3362176239
2025-12-05,-0.029815803137560604,304255.9114342676
2025-12-06,-0.0010428486118058133,303938.6185793947
2025-12-07,0.01296967526038073,307880.60376145813
2025-12-08,0.0026416880631130457,308693.92827727884
2025-12-09,0.022535229349863295,315650.4167499176
2025-12-10,-0.007151550191899836,313393.0269514365
2025-12-11,0.005407047517119734,315087.5579396969
2025-12-12,-0.024243136393953812,307448.84729652695
2025-12-13,-0.00031441974884793833,307352.17930717644
2025-12-14,-0.022892440125234947,300316.1379450264
2025-12-15,-0.019715350062901038,294395.30015590176
2025-12-16,0.01654334731571616,299265.5838544953
2025-12-17,-0.01842142849699213,293752.6842999091
2025-12-18,-0.008418806001920909,291279.63743824465
2025-12-19,0.03061191243658601,300196.2641940647
2025-12-20,0.002538496841176796,300958.31146245444
2025-12-21,0.0033687057345468396,301972.15145213756
2025-12-22,-0.00042897050827195304,301842.61430484516
2025-12-23,-0.012792234091680732,297981.37292381265
2025-12-24,0.002094787873411885,298605.5806903161
2025-12-25,-0.005061421802791677,297094.21189377486
2025-12-26,0.0016525457609857241,297585.17367425334
2025-12-27,0.005802209673043235,299311.8252475003
2025-12-28,0.0008605645582542287,299569.40239617473
2025-12-29,-0.008127784731786658,297134.56678126863
2025-12-30,0.014295459468563587,301382.2419373995
2025-12-31,-0.00945277505053388,298533.3434001397
2026-01-01,0.013572652408453623,302585.23270244326
2026-01-02,0.013000359661904826,306518.9495559562
2026-01-03,0.007025471798590699,308672.3897917952
2026-01-04,0.009939976779777648,311740.58617888414
2026-01-05,0.02543140167113367,319668.586243194
2026-01-06,-0.0011893787050556437,319288.37923404115
2026-01-07,-0.02540387556693169,311177.21697801223
2026-01-08,-0.002888598328961489,310278.3509890387
2026-01-09,-0.005030349789640232,308717.5423514111
2026-01-10,-0.0015053491857427437,308252.8146504079
2026-01-11,0.005617971345123429,309984.5701301675
2026-01-12,0.003101463586952846,310945.97598694346
2026-01-13,0.045060059433787325,324957.22014561214
2026-01-14,0.016101986908892973,330189.67705034703
2026-01-15,-0.013880627756937325,325606.4370540278
2026-01-16,-0.000562839824382988,325423.17278417834
2026-01-17,-0.004215520304676423,324051.3447916944
2026-01-18,-0.015483911797297578,319033.76235114416
2026-01-19,-0.011114780024007898,315487.7722623796
2026-01-20,-0.04533393745026559,301185.46932831325
2026-01-21,0.011603192043518451,304680.1821696469
2026-01-22,0.0011719478998797328,305037.25146927556
2026-01-23,0.0004527699799563578,305175.3631795093
2026-01-24,-0.004180233969534708,303899.6587596812
2026-01-25,-0.028606764735098822,295206.0727184662
2026-01-26,0.019326210668524357,300911.28747045103
2026-01-27,0.01020991780709024,303983.56698275
2026-01-28,0.0005595571916436892,304153.6631737967
2026-01-29,-0.05201821862522349,288332.13142715953
2026-01-30,-0.0045984914248260456,287006.2385932899
2026-01-31,-0.06543528285721456,268225.90418915276
2026-02-01,-0.02249003206356348,262193.4950036604
2026-02-02,0.022975286731047984,268217.4657303851
2026-02-03,-0.037657095523955575,258117.17500218272
2026-02-04,-0.034331983896945584,249255.5003064827
2026-02-05,-0.1400049668250969,214358.49225510063
2026-02-06,0.12175555103406577,240457.82859845195
2026-02-07,-0.018266628782043548,236065.47470570778
2026-02-08,0.015004782568186936,239607.58582552275
2026-02-09,-0.002731937809983931,238952.99280224706
2026-02-10,-0.01846468221349462,234540.80172619008
2026-02-11,-0.02551538322622382,228556.40328796057
2026-02-12,-0.012063982407461205,225799.102859582
2026-02-13,0.038905424124212606,234583.91272320074
2026-02-14,0.014055054086561602,237881.00230436257
2026-02-15,-0.014166062986727845,234511.165042373
2026-02-16,0.0008683845386208144,234714.81091222976
2026-02-17,-0.020134695284049098,229988.89971585883
2026-02-18,-0.015423714287067902,226441.61663744433
2026-02-19,0.008155282945989661,228288.31209187
2026-02-20,0.015147506715517123,231746.3108323557
2026-02-21,-0.000647202533010871,231596.32403296907
2026-02-22,-0.004885518051737536,230464.85601118993
2026-02-23,-0.04410595322228339,220299.9838525801
2026-02-24,-0.009234295083716093,218265.66879474747
2026-02-25,0.061264150476066925,231637.52957154825
2026-02-26,-0.007386685665673243,229926.49595223015
2026-02-27,-0.02387142460002889,224437.82294055764
2026-02-28,0.016694208435670044,228184.63473757534
2026-03-01,-0.017846087029073643,224112.43188735118
2026-03-02,0.046361366500645707,234502.59047943164
2026-03-03,-0.006560206741724861,232964.20500441655
